⚡ Found 4 strongly connected components which includes at least one cycle each
cycle(001) ∈ α: DisputeCoordinator ~~{"DisputeDistributionMessage"}~~> DisputeDistribution ~~{"DisputeCoordinatorMessage"}~~>  *
cycle(002) ∈ β: ApprovalVoting ~~{"ApprovalDistributionMessage"}~~> ApprovalDistribution ~~{"ApprovalVotingMessage"}~~>  *
cycle(003) ∈ γ: CandidateBacking ~~{"CollatorProtocolMessage"}~~> CollatorProtocol ~~{"CandidateBackingMessage"}~~>  *
cycle(004) ∈ δ: NetworkBridgeRx ~~{"GossipSupportMessage"}~~> GossipSupport ~~{"NetworkBridgeRxMessage"}~~>  *
warning: unused import: `OriginTrait`
  --> substrate/frame/proxy/src/lib.rs:41:48
   |
41 |     traits::{Currency, InstanceFilter, IsSubType, OriginTrait, ReservableCurrency},
   |                                                   ^^^^^^^^^^^
   |
   = note: `#[warn(unused_imports)]` (part of `#[warn(unused)]`) on by default

warning: `pallet-proxy` (lib) generated 1 warning
warning: unused import: `sp_runtime::traits::Hash`
  --> substrate/frame/merkle-mountain-range/src/mmr/storage.rs:31:5
   |
31 | use sp_runtime::traits::Hash;
   |     ^^^^^^^^^^^^^^^^^^^^^^^^
   |
   = note: `#[warn(unused_imports)]` (part of `#[warn(unused)]`) on by default

warning: `pallet-mmr` (lib) generated 1 warning
warning: unused import: `Imbalance`
   --> substrate/frame/bounties/src/lib.rs:104:7
    |
104 |     Get, Imbalance, OnUnbalanced, ReservableCurrency,
    |          ^^^^^^^^^
    |
    = note: `#[warn(unused_imports)]` (part of `#[warn(unused)]`) on by default

warning: type alias `PositiveImbalanceOf` is never used
   --> substrate/frame/bounties/src/lib.rs:126:6
    |
126 | type PositiveImbalanceOf<T, I = ()> = <<T as Config<I>>::Currency as Currency<
    |      ^^^^^^^^^^^^^^^^^^^
    |
    = note: `#[warn(dead_code)]` (part of `#[warn(unused)]`) on by default

warning: `pallet-bounties` (lib) generated 2 warnings
warning: unused import: `Precision`
  --> substrate/frame/nis/src/lib.rs:99:41
   |
99 |             self, DepositConsequence, Fortitude, Precision, Preservation, Provenance,
   |                                                  ^^^^^^^^^
   |
   = note: `#[warn(unused_imports)]` (part of `#[warn(unused)]`) on by default

warning: unused imports: `FixedU128` and `One`
   --> substrate/frame/nis/src/lib.rs:109:20
    |
109 |     traits::{Bounded, One, Saturating, Unsigned, Zero},
    |                       ^^^
110 |     FixedU128, Perquintill,
    |     ^^^^^^^^^

warning: `pallet-nis` (lib) generated 2 warnings (run `cargo fix --lib -p pallet-nis` to apply 2 suggestions)
warning: unused import: `TokenError`
  --> substrate/frame/nft-fractionalization/src/lib.rs:56:63
   |
56 | use sp_runtime::{traits::{AccountIdConversion, StaticLookup}, TokenError};
   |                                                               ^^^^^^^^^^
   |
   = note: `#[warn(unused_imports)]` (part of `#[warn(unused)]`) on by default

warning: `pallet-nft-fractionalization` (lib) generated 1 warning (run `cargo fix --lib -p pallet-nft-fractionalization` to apply 1 suggestion)
warning: unused import: `Convert`
  --> substrate/frame/salary/src/lib.rs:33:11
   |
33 |     traits::{Convert, Saturating},
   |              ^^^^^^^
   |
   = note: `#[warn(unused_imports)]` (part of `#[warn(unused)]`) on by default

warning: `pallet-salary` (lib) generated 1 warning (run `cargo fix --lib -p pallet-salary` to apply 1 suggestion)
warning: unused import: `frame_system::mocking::MockBlock`
  --> substrate/frame/paged-list/src/mock.rs:24:5
   |
24 | use frame_system::mocking::MockBlock;
   |     ^^^^^^^^^^^^^^^^^^^^^^^^^^^^^^^^
   |
   = note: `#[warn(unused_imports)]` (part of `#[warn(unused)]`) on by default

warning: unused import: `StorageNoopGuard`
  --> substrate/frame/paged-list/src/paged_list.rs:33:75
   |
33 |     CloneNoBound, DebugNoBound, DefaultNoBound, EqNoBound, PartialEqNoBound, StorageNoopGuard,
   |                                                                              ^^^^^^^^^^^^^^^^

warning: unused import: `frame_system::pallet_prelude::*`
  --> substrate/frame/paged-list/src/lib.rs:78:5
   |
78 | use frame_system::pallet_prelude::*;
   |     ^^^^^^^^^^^^^^^^^^^^^^^^^^^^^^^

warning: `pallet-paged-list` (lib) generated 3 warnings (run `cargo fix --lib -p pallet-paged-list` to apply 3 suggestions)
warning: unused import: `DispatchError`
  --> substrate/frame/safe-mode/src/lib.rs:88:38
   |
88 | use sp_runtime::{traits::Saturating, DispatchError};
   |                                      ^^^^^^^^^^^^^
   |
   = note: `#[warn(unused_imports)]` (part of `#[warn(unused)]`) on by default

warning: `pallet-safe-mode` (lib) generated 1 warning (run `cargo fix --lib -p pallet-safe-mode` to apply 1 suggestion)
⚡ Found 4 strongly connected components which includes at least one cycle each
cycle(001) ∈ α: DisputeCoordinator ~~{"DisputeDistributionMessage"}~~> DisputeDistribution ~~{"DisputeCoordinatorMessage"}~~>  *
cycle(002) ∈ β: ApprovalVoting ~~{"ApprovalDistributionMessage"}~~> ApprovalDistribution ~~{"ApprovalVotingMessage"}~~>  *
cycle(003) ∈ γ: CandidateBacking ~~{"CollatorProtocolMessage"}~~> CollatorProtocol ~~{"CandidateBackingMessage"}~~>  *
cycle(004) ∈ δ: NetworkBridgeRx ~~{"GossipSupportMessage"}~~> GossipSupport ~~{"NetworkBridgeRxMessage"}~~>  *
warning: `pallet-mmr` (lib) generated 1 warning (1 duplicate)
warning: `pallet-bounties` (lib) generated 2 warnings (2 duplicates)
warning: `pallet-nft-fractionalization` (lib) generated 1 warning (1 duplicate)
warning: `pallet-salary` (lib) generated 1 warning (1 duplicate)
warning: `pallet-nis` (lib) generated 2 warnings (2 duplicates)
warning: `pallet-safe-mode` (lib) generated 1 warning (1 duplicate)
warning: `pallet-proxy` (lib) generated 1 warning (1 duplicate)
warning: `pallet-paged-list` (lib) generated 3 warnings (3 duplicates)
   Compiling node-testing v3.0.0 (/home/coder/Rostro/substrate/bin/node/testing)
   Compiling substrate-cli-test-utils v0.1.0 (/home/coder/Rostro/substrate/test-utils/cli)
   Compiling solochain-template-runtime v0.1.0 (/home/coder/Rostro/templates/solochain/runtime)
   Compiling minimal-template-node v0.1.0 (/home/coder/Rostro/templates/minimal/node)
   Compiling glutton-westend-runtime v24.0.0 (/home/coder/Rostro/cumulus/parachains/runtimes/glutton/glutton-westend)
   Compiling yet-another-parachain-runtime v0.8.0 (/home/coder/Rostro/cumulus/parachains/runtimes/testing/yet-another-parachain)
   Compiling test-parachain-undying-collator v1.0.0 (/home/coder/Rostro/polkadot/parachain/test-parachains/undying/collator)
   Compiling test-parachain-adder-collator v1.0.0 (/home/coder/Rostro/polkadot/parachain/test-parachains/adder/collator)
   Compiling xcm-docs v0.1.0 (/home/coder/Rostro/polkadot/xcm/docs)
   Compiling pallet-staking-async-rc-runtime-constants v0.7.0 (/home/coder/Rostro/substrate/frame/staking-async/runtimes/rc/constants)
   Compiling polkadot-zombienet-sdk-tests v0.1.0 (/home/coder/Rostro/polkadot/zombienet-sdk-tests)
   Compiling cumulus-zombienet-sdk-tests v0.1.0 (/home/coder/Rostro/cumulus/zombienet/zombienet-sdk)
   Compiling parachain-template-runtime v0.1.0 (/home/coder/Rostro/templates/parachain/runtime)
   Compiling parachain-template-node v0.1.0 (/home/coder/Rostro/templates/parachain/node)
   Compiling polkadot-sdk-docs v0.1.0 (/home/coder/Rostro/docs/sdk)
   Compiling pallet-staking-async-rc-runtime v7.0.0 (/home/coder/Rostro/substrate/frame/staking-async/runtimes/rc)
   Compiling pallet-staking-async-parachain-runtime v0.15.0 (/home/coder/Rostro/substrate/frame/staking-async/runtimes/parachain)
   Compiling bridge-hub-rococo-integration-tests v1.0.0 (/home/coder/Rostro/cumulus/parachains/integration-tests/emulated/tests/bridges/bridge-hub-rococo)
   Compiling bridge-hub-westend-integration-tests v1.0.0 (/home/coder/Rostro/cumulus/parachains/integration-tests/emulated/tests/bridges/bridge-hub-westend)
   Compiling xcm-executor-integration-tests v1.0.0 (/home/coder/Rostro/polkadot/xcm/xcm-executor/integration-tests)
   Compiling collectives-westend-integration-tests v1.0.0 (/home/coder/Rostro/cumulus/parachains/integration-tests/emulated/tests/collectives/collectives-westend)
   Compiling governance-westend-integration-tests v0.1.0 (/home/coder/Rostro/cumulus/parachains/integration-tests/emulated/tests/governance/westend)
   Compiling coretime-westend-integration-tests v0.1.0 (/home/coder/Rostro/cumulus/parachains/integration-tests/emulated/tests/coretime/coretime-westend)
   Compiling people-westend-integration-tests v0.1.0 (/home/coder/Rostro/cumulus/parachains/integration-tests/emulated/tests/people/people-westend)
   Compiling asset-hub-westend-integration-tests v1.0.0 (/home/coder/Rostro/cumulus/parachains/integration-tests/emulated/tests/assets/asset-hub-westend)
   Compiling sp-application-crypto-test v2.0.0 (/home/coder/Rostro/substrate/primitives/application-crypto/test)
   Compiling xcm-simulator-example v27.0.0 (/home/coder/Rostro/polkadot/xcm/xcm-simulator/example)
   Compiling solochain-template-node v0.1.0 (/home/coder/Rostro/templates/solochain/node)
   Compiling polkadot-node-metrics v29.0.0 (/home/coder/Rostro/polkadot/node/metrics)
   Compiling polkadot-parachain-bin v6.0.0 (/home/coder/Rostro/cumulus/polkadot-parachain)
⚡ Found 4 strongly connected components which includes at least one cycle each
cycle(001) ∈ α: DisputeCoordinator ~~{"DisputeDistributionMessage"}~~> DisputeDistribution ~~{"DisputeCoordinatorMessage"}~~>  *
cycle(002) ∈ β: ApprovalVoting ~~{"ApprovalDistributionMessage"}~~> ApprovalDistribution ~~{"ApprovalVotingMessage"}~~>  *
cycle(003) ∈ γ: CandidateBacking ~~{"CollatorProtocolMessage"}~~> CollatorProtocol ~~{"CandidateBackingMessage"}~~>  *
cycle(004) ∈ δ: NetworkBridgeRx ~~{"GossipSupportMessage"}~~> GossipSupport ~~{"NetworkBridgeRxMessage"}~~>  *
   Compiling polkadot-omni-node v0.14.0 (/home/coder/Rostro/cumulus/polkadot-omni-node)
   Compiling polkadot-test-malus v1.0.0 (/home/coder/Rostro/polkadot/node/malus)
   Compiling polkadot-node-core-pvf v29.0.0 (/home/coder/Rostro/polkadot/node/core/pvf)
   Compiling remote-ext-tests-bags-list v1.0.0 (/home/coder/Rostro/polkadot/utils/remote-ext-tests/bags-list)
   Compiling staging-node-cli v3.0.0 (/home/coder/Rostro/substrate/bin/node/cli)
   Compiling node-bench v0.9.0 (/home/coder/Rostro/substrate/bin/node/bench)
   Compiling pallet-contracts-mock-network v24.0.0 (/home/coder/Rostro/substrate/frame/contracts/mock-network)
   Compiling sc-executor v0.48.0 (/home/coder/Rostro/substrate/client/executor)
   Compiling cumulus-pallet-parachain-system v0.26.0 (/home/coder/Rostro/cumulus/pallets/parachain-system)
   Compiling sc-network-sync v0.55.0 (/home/coder/Rostro/substrate/client/network/sync)
   Compiling staging-chain-spec-builder v17.0.0 (/home/coder/Rostro/substrate/bin/utils/chain-spec-builder)
   Compiling sc-consensus-babe v0.56.0 (/home/coder/Rostro/substrate/client/consensus/babe)
   Compiling sc-consensus-aura v0.56.0 (/home/coder/Rostro/substrate/client/consensus/aura)
   Compiling sc-consensus-beefy v35.0.0 (/home/coder/Rostro/substrate/client/consensus/beefy)
   Compiling sc-consensus-grandpa v0.41.0 (/home/coder/Rostro/substrate/client/consensus/grandpa)
   Compiling pallet-revive-eth-rpc v0.14.0 (/home/coder/Rostro/substrate/frame/revive/rpc)
   Compiling bridge-hub-rococo-runtime v0.26.0 (/home/coder/Rostro/cumulus/parachains/runtimes/bridge-hubs/bridge-hub-rococo)
   Compiling bridge-hub-westend-runtime v0.23.0 (/home/coder/Rostro/cumulus/parachains/runtimes/bridge-hubs/bridge-hub-westend)
   Compiling sc-transaction-pool v45.0.0 (/home/coder/Rostro/substrate/client/transaction-pool)
   Compiling cumulus-relay-chain-inprocess-interface v0.32.0 (/home/coder/Rostro/cumulus/client/relay-chain-inprocess-interface)
   Compiling polkadot-service v32.0.0 (/home/coder/Rostro/polkadot/node/service)
   Compiling cumulus-client-network v0.29.0 (/home/coder/Rostro/cumulus/client/network)
   Compiling rococo-westend-system-emulated-network v0.1.0 (/home/coder/Rostro/cumulus/parachains/integration-tests/emulated/networks/rococo-westend-system)
   Compiling minimal-template-runtime v0.1.0 (/home/coder/Rostro/templates/minimal/runtime)
   Compiling snowbridge-inbound-queue-primitives v0.8.0 (/home/coder/Rostro/bridges/snowbridge/primitives/inbound-queue)
   Compiling snowbridge-pallet-inbound-queue-v2 v0.8.0 (/home/coder/Rostro/bridges/snowbridge/pallets/inbound-queue-v2)
   Compiling revive-dev-node v0.1.0 (/home/coder/Rostro/substrate/frame/revive/dev-node/node)
   Compiling sc-authority-discovery v0.56.0 (/home/coder/Rostro/substrate/client/authority-discovery)
   Compiling sc-network-gossip v0.56.0 (/home/coder/Rostro/substrate/client/network-gossip)
   Compiling asset-hub-rococo-emulated-chain v0.1.0 (/home/coder/Rostro/cumulus/parachains/integration-tests/emulated/chains/parachains/assets/asset-hub-rococo)
   Compiling sc-rpc-spec-v2 v0.56.0 (/home/coder/Rostro/substrate/client/rpc-spec-v2)
   Compiling sc-consensus-manual-seal v0.57.0 (/home/coder/Rostro/substrate/client/consensus/manual-seal)
   Compiling cumulus-client-collator v0.29.0 (/home/coder/Rostro/cumulus/client/collator)
   Compiling cumulus-client-consensus-aura v0.29.0 (/home/coder/Rostro/cumulus/client/consensus/aura)
   Compiling cumulus-test-service v0.1.0 (/home/coder/Rostro/cumulus/test/service)
   Compiling cumulus-client-pov-recovery v0.29.0 (/home/coder/Rostro/cumulus/client/pov-recovery)
   Compiling cumulus-client-consensus-common v0.29.0 (/home/coder/Rostro/cumulus/client/consensus/common)
   Compiling polkadot v31.0.0 (/home/coder/Rostro/polkadot)
   Compiling asset-hub-rococo-runtime v0.32.0 (/home/coder/Rostro/cumulus/parachains/runtimes/assets/asset-hub-rococo)
   Compiling xcm-simulator-fuzzer v1.0.0 (/home/coder/Rostro/polkadot/xcm/xcm-simulator/fuzzer)
   Compiling cumulus-test-client v0.1.0 (/home/coder/Rostro/cumulus/test/client)
   Compiling asset-hub-westend-runtime v0.43.0 (/home/coder/Rostro/cumulus/parachains/runtimes/assets/asset-hub-westend)
   Compiling bridge-hub-rococo-emulated-chain v0.1.0 (/home/coder/Rostro/cumulus/parachains/integration-tests/emulated/chains/parachains/bridges/bridge-hub-rococo)
   Compiling westend-system-emulated-network v0.1.0 (/home/coder/Rostro/cumulus/parachains/integration-tests/emulated/networks/westend-system)
   Compiling revive-dev-runtime v0.5.0 (/home/coder/Rostro/substrate/frame/revive/dev-node/runtime)
   Compiling frame-omni-bencher v0.18.0 (/home/coder/Rostro/substrate/utils/frame/omni-bencher)
   Compiling collectives-westend-emulated-chain v0.1.0 (/home/coder/Rostro/cumulus/parachains/integration-tests/emulated/chains/parachains/collectives/collectives-westend)
   Compiling collectives-westend-runtime v26.0.0 (/home/coder/Rostro/cumulus/parachains/runtimes/collectives/collectives-westend)
   Compiling people-westend-emulated-chain v0.1.0 (/home/coder/Rostro/cumulus/parachains/integration-tests/emulated/chains/parachains/people/people-westend)
   Compiling coretime-westend-runtime v0.22.0 (/home/coder/Rostro/cumulus/parachains/runtimes/coretime/coretime-westend)
   Compiling coretime-westend-emulated-chain v0.1.0 (/home/coder/Rostro/cumulus/parachains/integration-tests/emulated/chains/parachains/coretime/coretime-westend)
   Compiling people-westend-runtime v0.22.0 (/home/coder/Rostro/cumulus/parachains/runtimes/people/people-westend)
   Compiling asset-hub-westend-emulated-chain v0.1.0 (/home/coder/Rostro/cumulus/parachains/integration-tests/emulated/chains/parachains/assets/asset-hub-westend)
   Compiling penpal-emulated-chain v0.1.0 (/home/coder/Rostro/cumulus/parachains/integration-tests/emulated/chains/parachains/testing/penpal)
   Compiling bridge-hub-westend-emulated-chain v0.1.0 (/home/coder/Rostro/cumulus/parachains/integration-tests/emulated/chains/parachains/bridges/bridge-hub-westend)
   Compiling penpal-runtime v0.36.0 (/home/coder/Rostro/cumulus/parachains/runtimes/testing/penpal)
   Compiling polkadot-runtime-parachains v25.0.0 (/home/coder/Rostro/polkadot/runtime/parachains)
   Compiling polkadot-runtime-common v25.0.0 (/home/coder/Rostro/polkadot/runtime/common)
   Compiling node-runtime-generate-bags v3.0.0 (/home/coder/Rostro/substrate/utils/frame/generate-bags/node-runtime)
   Compiling cumulus-pallet-aura-ext v0.26.0 (/home/coder/Rostro/cumulus/pallets/aura-ext)
   Compiling frame-benchmarking-cli v54.0.0 (/home/coder/Rostro/substrate/utils/frame/benchmarking-cli)
   Compiling sc-client-db v0.52.0 (/home/coder/Rostro/substrate/client/db)
   Compiling cumulus-primitives-storage-weight-reclaim v17.0.0 (/home/coder/Rostro/cumulus/primitives/storage-weight-reclaim)
   Compiling polkadot-omni-node-lib v0.14.0 (/home/coder/Rostro/cumulus/polkadot-omni-node/lib)
   Compiling sc-runtime-utilities v0.8.0 (/home/coder/Rostro/substrate/client/runtime-utilities)
   Compiling polkadot-test-service v1.0.0 (/home/coder/Rostro/polkadot/node/test/service)
   Compiling polkadot-test-client v1.0.0 (/home/coder/Rostro/polkadot/node/test/client)
   Compiling cumulus-test-runtime v0.1.0 (/home/coder/Rostro/cumulus/test/runtime)
   Compiling kitchensink-runtime v3.0.0 (/home/coder/Rostro/substrate/bin/node/runtime)
   Compiling staging-xcm-builder v26.0.0 (/home/coder/Rostro/polkadot/xcm/xcm-builder)
   Compiling polkadot-test-runtime v1.0.0 (/home/coder/Rostro/polkadot/runtime/test-runtime)
   Compiling snowbridge-runtime-test-common v0.22.0 (/home/coder/Rostro/bridges/snowbridge/runtime/test-common)
   Compiling sp-api-test v2.0.1 (/home/coder/Rostro/substrate/primitives/api/test)
   Compiling snowbridge-pallet-inbound-queue v0.19.0 (/home/coder/Rostro/bridges/snowbridge/pallets/inbound-queue)
   Compiling snowbridge-pallet-inbound-queue-v2-fixtures v0.8.0 (/home/coder/Rostro/bridges/snowbridge/pallets/inbound-queue-v2/fixtures)
   Compiling snowbridge-pallet-inbound-queue-fixtures v0.27.0 (/home/coder/Rostro/bridges/snowbridge/pallets/inbound-queue/fixtures)
   Compiling pallet-minimal-template v0.1.0 (/home/coder/Rostro/templates/minimal/pallets/template)
   Compiling bp-bridge-hub-westend v0.24.0 (/home/coder/Rostro/cumulus/parachains/runtimes/bridge-hubs/bridge-hub-westend/bridge-primitives)
   Compiling bp-asset-hub-rococo v0.24.0 (/home/coder/Rostro/cumulus/parachains/runtimes/assets/asset-hub-rococo/bridge-primitives)
   Compiling bp-bridge-hub-rococo v0.28.0 (/home/coder/Rostro/cumulus/parachains/runtimes/bridge-hubs/bridge-hub-rococo/bridge-primitives)
   Compiling bp-asset-hub-westend v0.23.0 (/home/coder/Rostro/cumulus/parachains/runtimes/assets/asset-hub-westend/bridge-primitives)
   Compiling polkadot-sdk v2603.0.0 (/home/coder/Rostro/umbrella)
   Compiling polkadot-voter-bags v31.0.0 (/home/coder/Rostro/polkadot/utils/generate-bags)
   Compiling sc-network v0.56.0 (/home/coder/Rostro/substrate/client/network)
   Compiling sc-network-statement v0.38.0 (/home/coder/Rostro/substrate/client/network/statement)
   Compiling polkadot-node-core-pvf-prepare-worker v25.0.0 (/home/coder/Rostro/polkadot/node/core/pvf/prepare-worker)
   Compiling frame-system v46.0.0 (/home/coder/Rostro/substrate/frame/system)
   Compiling frame-metadata-hash-extension v0.14.0 (/home/coder/Rostro/substrate/frame/metadata-hash-extension)
   Compiling pallet-offences-benchmarking v46.0.0 (/home/coder/Rostro/substrate/frame/offences/benchmarking)
   Compiling rococo-runtime v30.0.0 (/home/coder/Rostro/polkadot/runtime/rococo)
   Compiling westend-runtime v31.0.0 (/home/coder/Rostro/polkadot/runtime/westend)
   Compiling sc-chain-spec v49.0.0 (/home/coder/Rostro/substrate/client/chain-spec)
   Compiling sc-rpc v51.0.0 (/home/coder/Rostro/substrate/client/rpc)
   Compiling substrate-test-runtime v2.0.0 (/home/coder/Rostro/substrate/test-utils/runtime)
   Compiling mmr-gadget v51.0.0 (/home/coder/Rostro/substrate/client/merkle-mountain-range)
   Compiling sc-consensus-babe-rpc v0.56.0 (/home/coder/Rostro/substrate/client/consensus/babe/rpc)
   Compiling substrate-frame-rpc-system v50.0.0 (/home/coder/Rostro/substrate/utils/frame/rpc/system)
   Compiling sc-basic-authorship v0.54.0 (/home/coder/Rostro/substrate/client/basic-authorship)
   Compiling frame-executive v46.0.0 (/home/coder/Rostro/substrate/frame/executive)
   Compiling sc-consensus-beefy-rpc v35.0.0 (/home/coder/Rostro/substrate/client/consensus/beefy/rpc)
   Compiling sc-offchain v51.0.0 (/home/coder/Rostro/substrate/client/offchain)
   Compiling sc-network-test v0.8.0 (/home/coder/Rostro/substrate/client/network/test)
   Compiling sp-runtime v46.0.0 (/home/coder/Rostro/substrate/primitives/runtime)
   Compiling substrate-test-runtime-transaction-pool v2.0.0 (/home/coder/Rostro/substrate/test-utils/runtime/transaction-pool)
   Compiling sc-block-builder v0.49.0 (/home/coder/Rostro/substrate/client/block-builder)
   Compiling sc-consensus-grandpa-rpc v0.41.0 (/home/coder/Rostro/substrate/client/consensus/grandpa/rpc)
   Compiling sc-service-test v2.0.0 (/home/coder/Rostro/substrate/client/service/test)
   Compiling sc-consensus-slots v0.55.0 (/home/coder/Rostro/substrate/client/consensus/slots)
   Compiling sc-service v0.57.0 (/home/coder/Rostro/substrate/client/service)
   Compiling cumulus-client-service v0.32.0 (/home/coder/Rostro/cumulus/client/service)
   Compiling cumulus-relay-chain-minimal-node v0.32.0 (/home/coder/Rostro/cumulus/client/relay-chain-minimal-node)
   Compiling sc-client-api v45.0.0 (/home/coder/Rostro/substrate/client/api)
   Compiling substrate-test-runtime-client v2.0.0 (/home/coder/Rostro/substrate/test-utils/runtime/client)
   Compiling bridge-hub-test-utils v0.29.0 (/home/coder/Rostro/cumulus/parachains/runtimes/bridge-hubs/test-utils)
   Compiling pallet-asset-rewards v0.8.0 (/home/coder/Rostro/substrate/frame/asset-rewards)
warning: unused import: `Everything`
  --> substrate/frame/nft-fractionalization/src/mock.rs:25:54
   |
25 |     traits::{AsEnsureOriginWithArg, ConstU32, ConstU64, Everything},
   |                                                         ^^^^^^^^^^
   |
   = note: `#[warn(unused_imports)]` (part of `#[warn(unused)]`) on by default

warning: unused import: `sp_core::H256`
  --> substrate/frame/nft-fractionalization/src/mock.rs:28:5
   |
28 | use sp_core::H256;
   |     ^^^^^^^^^^^^^

warning: unused import: `BlakeTwo256`
  --> substrate/frame/nft-fractionalization/src/mock.rs:31:11
   |
31 |     traits::{BlakeTwo256, IdentifyAccount, IdentityLookup, Verify},
   |              ^^^^^^^^^^^

warning: `pallet-nft-fractionalization` (lib test) generated 3 warnings (run `cargo fix --lib -p pallet-nft-fractionalization --tests` to apply 3 suggestions)
   Compiling polkadot-jemalloc-shim v0.2.0 (/home/coder/Rostro/polkadot/jemalloc-shim)
   Compiling westend-emulated-chain v0.1.0 (/home/coder/Rostro/cumulus/parachains/integration-tests/emulated/chains/relays/westend)
   Compiling rococo-emulated-chain v0.1.0 (/home/coder/Rostro/cumulus/parachains/integration-tests/emulated/chains/relays/rococo)
   Compiling polkadot-cli v32.0.0 (/home/coder/Rostro/polkadot/cli)
   Compiling emulated-integration-tests-common v29.0.0 (/home/coder/Rostro/cumulus/parachains/integration-tests/emulated/common)
   Compiling pallet-xcm-bridge-hub v0.22.0 (/home/coder/Rostro/bridges/modules/xcm-bridge-hub)
   Compiling xcm-runtime-apis v0.13.0 (/home/coder/Rostro/polkadot/xcm/xcm-runtime-apis)
   Compiling xcm-emulator v0.27.0 (/home/coder/Rostro/cumulus/xcm/xcm-emulator)
   Compiling pallet-xcm-precompiles v0.4.0 (/home/coder/Rostro/polkadot/xcm/pallet-xcm/precompiles)
   Compiling pallet-xcm v26.0.0 (/home/coder/Rostro/polkadot/xcm/pallet-xcm)
   Compiling pallet-babe v46.0.0 (/home/coder/Rostro/substrate/frame/babe)
   Compiling asset-test-utils v30.0.0 (/home/coder/Rostro/cumulus/parachains/runtimes/assets/test-utils)
   Compiling parachains-runtimes-test-utils v29.0.0 (/home/coder/Rostro/cumulus/parachains/runtimes/test-utils)
   Compiling frame-storage-access-test-runtime v0.7.0 (/home/coder/Rostro/substrate/utils/frame/storage-access-test-runtime)
   Compiling assets-common v0.28.0 (/home/coder/Rostro/cumulus/parachains/runtimes/assets/common)
   Compiling cumulus-pallet-xcmp-queue v0.26.0 (/home/coder/Rostro/cumulus/pallets/xcmp-queue)
   Compiling pallet-xcm-bridge-hub-router v0.24.0 (/home/coder/Rostro/bridges/modules/xcm-bridge-hub-router)
warning: unused imports: `EnsureRootWithSuccess` and `mocking::MockBlock`
  --> substrate/frame/salary/src/tests/integration.rs:26:20
   |
26 | use frame_system::{mocking::MockBlock, pallet_prelude::BlockNumberFor, EnsureRootWithSuccess};
   |                    ^^^^^^^^^^^^^^^^^^                                  ^^^^^^^^^^^^^^^^^^^^^
   |
   = note: `#[warn(unused_imports)]` (part of `#[warn(unused)]`) on by default

warning: unused import: `pallet_prelude::*`
  --> substrate/frame/salary/src/tests/unit.rs:28:40
   |
28 | use frame_system::{mocking::MockBlock, pallet_prelude::*};
   |                                        ^^^^^^^^^^^^^^^^^

warning: unused import: `Convert`
  --> substrate/frame/salary/src/tests/unit.rs:31:11
   |
31 |     traits::{Convert, Identity},
   |              ^^^^^^^

warning: `pallet-salary` (lib test) generated 3 warnings (run `cargo fix --lib -p pallet-salary --tests` to apply 3 suggestions)
   Compiling bp-bridge-hub-cumulus v0.28.0 (/home/coder/Rostro/bridges/chains/chain-cumulus)
   Compiling pallet-collator-selection v27.0.0 (/home/coder/Rostro/cumulus/pallets/collator-selection)
   Compiling parachains-common v28.0.0 (/home/coder/Rostro/cumulus/parachains/common)
warning: unused imports: `parameter_types` and `weights::Weight`
  --> substrate/frame/whitelist/src/mock.rs:24:53
   |
24 | use frame_support::{construct_runtime, derive_impl, parameter_types, weights::Weight};
   |                                                     ^^^^^^^^^^^^^^^  ^^^^^^^^^^^^^^^
   |
   = note: `#[warn(unused_imports)]` (part of `#[warn(unused)]`) on by default

warning: unused import: `assert_err`
  --> substrate/frame/whitelist/src/tests.rs:23:2
   |
23 |     assert_err, assert_noop, assert_ok,
   |     ^^^^^^^^^^

warning: unused import: `Dispatchable`
  --> substrate/frame/whitelist/src/tests.rs:29:11
   |
29 |     traits::{Dispatchable, Hash},
   |              ^^^^^^^^^^^^

warning: `pallet-whitelist` (lib test) generated 3 warnings (run `cargo fix --lib -p pallet-whitelist --tests` to apply 3 suggestions)
warning: unused import: `mocking::MockBlock`
  --> substrate/frame/safe-mode/src/mock.rs:30:20
   |
30 | use frame_system::{mocking::MockBlock, EnsureSignedBy};
   |                    ^^^^^^^^^^^^^^^^^^
   |
   = note: `#[warn(unused_imports)]` (part of `#[warn(unused)]`) on by default

warning: unused imports: `Fortitude`, `Inspect as FungibleInspect`, `Inspect`, `Mutate`, and `Precision`
  --> substrate/frame/safe-mode/src/tests.rs:29:11
   |
29 |             hold::{Inspect, Mutate},
   |                    ^^^^^^^  ^^^^^^
30 |             Inspect as FungibleInspect,
   |             ^^^^^^^^^^^^^^^^^^^^^^^^^^
31 |         },
32 |         tokens::{Fortitude, Precision},
   |                  ^^^^^^^^^  ^^^^^^^^^

warning: unused import: `TokenError`
  --> substrate/frame/safe-mode/src/tests.rs:36:40
   |
36 | use sp_runtime::{traits::Dispatchable, TokenError};
   |                                        ^^^^^^^^^^

warning: `pallet-safe-mode` (lib test) generated 3 warnings (run `cargo fix --lib -p pallet-safe-mode --tests` to apply 3 suggestions)
warning: unused import: `mocking::MockBlock`
  --> substrate/frame/tx-pause/src/mock.rs:29:20
   |
29 | use frame_system::{mocking::MockBlock, EnsureSignedBy};
   |                    ^^^^^^^^^^^^^^^^^^
   |
   = note: `#[warn(unused_imports)]` (part of `#[warn(unused)]`) on by default

warning: `pallet-tx-pause` (lib test) generated 1 warning (run `cargo fix --lib -p pallet-tx-pause --tests` to apply 1 suggestion)
   Compiling pallet-asset-tx-payment v46.0.0 (/home/coder/Rostro/substrate/frame/transaction-payment/asset-tx-payment)
   Compiling pallet-assets-holder v0.9.0 (/home/coder/Rostro/substrate/frame/assets-holder)
   Compiling pallet-assets-freezer v0.14.0 (/home/coder/Rostro/substrate/frame/assets-freezer)
warning: unused import: `parameter_types`
  --> substrate/frame/assets-freezer/src/mock.rs:30:34
   |
30 |     construct_runtime, derive_impl, parameter_types,
   |                                     ^^^^^^^^^^^^^^^
   |
   = note: `#[warn(unused_imports)]` (part of `#[warn(unused)]`) on by default

warning: unused imports: `EnsureSigned` and `mocking::MockBlock`
  --> substrate/frame/assets-freezer/src/mock.rs:33:20
   |
33 | use frame_system::{mocking::MockBlock, EnsureSigned};
   |                    ^^^^^^^^^^^^^^^^^^  ^^^^^^^^^^^^

warning: unused import: `assert_err`
  --> substrate/frame/assets-freezer/src/tests.rs:30:2
   |
30 |     assert_err, assert_noop, assert_ok, assert_storage_noop,
   |     ^^^^^^^^^^

warning: unused import: `sp_runtime::TokenError`
  --> substrate/frame/assets-freezer/src/tests.rs:33:5
   |
33 | use sp_runtime::TokenError;
   |     ^^^^^^^^^^^^^^^^^^^^^^

warning: `pallet-bounties` (lib test) generated 2 warnings (2 duplicates)
   Compiling testnet-parachains-constants v19.0.0 (/home/coder/Rostro/cumulus/parachains/runtimes/constants)
   Compiling cumulus-pallet-solo-to-para v0.26.0 (/home/coder/Rostro/cumulus/pallets/solo-to-para)
warning: `pallet-assets-freezer` (lib test) generated 4 warnings (run `cargo fix --lib -p pallet-assets-freezer --tests` to apply 4 suggestions)
warning: unused import: `sp_io::TestExternalities`
  --> substrate/frame/merkle-mountain-range/src/mock.rs:25:5
   |
25 | use sp_io::TestExternalities;
   |     ^^^^^^^^^^^^^^^^^^^^^^^^
   |
   = note: `#[warn(unused_imports)]` (part of `#[warn(unused)]`) on by default

warning: unused import: `BuildStorage`
  --> substrate/frame/merkle-mountain-range/src/mock.rs:26:37
   |
26 | use sp_runtime::{traits::Keccak256, BuildStorage};
   |                                     ^^^^^^^^^^^^

warning: unused import: `frame_support::assert_ok`
  --> substrate/frame/merkle-mountain-range/src/tests.rs:22:5
   |
22 | use frame_support::assert_ok;
   |     ^^^^^^^^^^^^^^^^^^^^^^^^

warning: unused import: `traits::SaturatedConversion`
  --> substrate/frame/merkle-mountain-range/src/tests.rs:28:18
   |
28 | use sp_runtime::{traits::SaturatedConversion, BuildStorage};
   |                  ^^^^^^^^^^^^^^^^^^^^^^^^^^^

warning: unused import: `sp_runtime::traits::Hash`
  --> substrate/frame/merkle-mountain-range/src/mmr/storage.rs:31:5
   |
31 | use sp_runtime::traits::Hash;
   |     ^^^^^^^^^^^^^^^^^^^^^^^^

warning: unused import: `traits::Get`
  --> substrate/frame/merkle-mountain-range/src/mock.rs:23:70
   |
23 | use frame_support::{construct_runtime, derive_impl, parameter_types, traits::Get};
   |                                                                      ^^^^^^^^^^^

warning: `pallet-mmr` (lib test) generated 6 warnings (run `cargo fix --lib -p pallet-mmr --tests` to apply 4 suggestions)
   Compiling westend-runtime-constants v26.0.0 (/home/coder/Rostro/polkadot/runtime/westend/constants)
   Compiling cumulus-primitives-utility v0.26.0 (/home/coder/Rostro/cumulus/primitives/utility)
   Compiling rococo-runtime-constants v26.0.0 (/home/coder/Rostro/polkadot/runtime/rococo/constants)
   Compiling xcm-simulator v26.0.0 (/home/coder/Rostro/polkadot/xcm/xcm-simulator)
   Compiling pallet-aura v45.0.0 (/home/coder/Rostro/substrate/frame/aura)
warning: unused import: `ConstU64`
  --> substrate/frame/proxy/src/tests.rs:28:21
   |
28 |     traits::{ConstU32, ConstU64, Contains, InstanceFilter},
   |                        ^^^^^^^^
   |
   = note: `#[warn(unused_imports)]` (part of `#[warn(unused)]`) on by default

warning: unused import: `frame_system::mocking::MockBlock`
  --> substrate/frame/proxy/src/tests.rs:30:5
   |
30 | use frame_system::mocking::MockBlock;
   |     ^^^^^^^^^^^^^^^^^^^^^^^^^^^^^^^^

warning: unused import: `scale_info::TypeInfo`
  --> substrate/frame/proxy/src/tests.rs:31:5
   |
31 | use scale_info::TypeInfo;
   |     ^^^^^^^^^^^^^^^^^^^^

warning: unused import: `IdentityLookup`
  --> substrate/frame/proxy/src/tests.rs:35:24
   |
35 |     traits::{BlakeTwo256, IdentityLookup},
   |                           ^^^^^^^^^^^^^^

warning: unused import: `OriginTrait`
  --> substrate/frame/proxy/src/lib.rs:41:48
   |
41 |     traits::{Currency, InstanceFilter, IsSubType, OriginTrait, ReservableCurrency},
   |                                                   ^^^^^^^^^^^

warning: `pallet-proxy` (lib test) generated 5 warnings (run `cargo fix --lib -p pallet-proxy --tests` to apply 4 suggestions)
warning: unused imports: `ConstU64` and `assert_err`
  --> substrate/frame/multisig/src/tests.rs:25:2
   |
25 |     assert_err, assert_noop, assert_ok, construct_runtime, derive_impl, hypothetically_ok,
   |     ^^^^^^^^^^
26 |     parameter_types,
27 |     traits::{ConstU32, ConstU64, Contains},
   |                        ^^^^^^^^
   |
   = note: `#[warn(unused_imports)]` (part of `#[warn(unused)]`) on by default

warning: unused import: `frame_system::mocking::MockBlockU32`
  --> substrate/frame/multisig/src/tests.rs:29:5
   |
29 | use frame_system::mocking::MockBlockU32;
   |     ^^^^^^^^^^^^^^^^^^^^^^^^^^^^^^^^^^^

warning: unused import: `traits::BadOrigin`
  --> substrate/frame/multisig/src/tests.rs:31:18
   |
31 | use sp_runtime::{traits::BadOrigin, BuildStorage, TokenError};
   |                  ^^^^^^^^^^^^^^^^^

warning: `pallet-multisig` (lib test) generated 3 warnings (run `cargo fix --lib -p pallet-multisig --tests` to apply 3 suggestions)
warning: unused imports: `ConstU16`, `EnsureOrigin`, `Mutate`, `OnFinalize`, `OnInitialize`, `assert_noop`, and `assert_ok`
  --> substrate/frame/nis/src/mock.rs:21:2
   |
21 |     assert_noop, assert_ok, derive_impl, ord_parameter_types, parameter_types,
   |     ^^^^^^^^^^^  ^^^^^^^^^
22 |     traits::{
23 |         fungible::{Inspect, Mutate},
   |                             ^^^^^^
24 |         ConstU16, ConstU32, ConstU64, EnsureOrigin, OnFinalize, OnInitialize, StorageMapShim,
   |         ^^^^^^^^                      ^^^^^^^^^^^^  ^^^^^^^^^^  ^^^^^^^^^^^^
   |
   = note: `#[warn(unused_imports)]` (part of `#[warn(unused)]`) on by default

warning: unused imports: `EnsureRoot`, `EnsureSignedBy`, and `mocking::MockBlock`
  --> substrate/frame/nis/src/mock.rs:29:20
   |
29 | use frame_system::{mocking::MockBlock, EnsureRoot, EnsureSignedBy};
   |                    ^^^^^^^^^^^^^^^^^^  ^^^^^^^^^^  ^^^^^^^^^^^^^^

warning: unused import: `sp_io::TestExternalities`
  --> substrate/frame/nis/src/mock.rs:31:5
   |
31 | use sp_io::TestExternalities;
   |     ^^^^^^^^^^^^^^^^^^^^^^^^

warning: unused imports: `IdentityLookup` and `Identity`
  --> substrate/frame/nis/src/mock.rs:33:11
   |
33 |     traits::{Identity, IdentityLookup},
   |              ^^^^^^^^  ^^^^^^^^^^^^^^

warning: unused imports: `OnFinalize` and `OnInitialize`
  --> substrate/frame/nis/src/tests.rs:24:8
   |
24 |         Get, OnFinalize, OnInitialize,
   |              ^^^^^^^^^^  ^^^^^^^^^^^^

warning: unused import: `Perbill`
  --> substrate/frame/nis/src/tests.rs:27:38
   |
27 | use sp_runtime::{traits::Saturating, Perbill, Perquintill, TokenError};
   |                                      ^^^^^^^

warning: unused import: `Precision`
  --> substrate/frame/nis/src/lib.rs:99:41
   |
99 |             self, DepositConsequence, Fortitude, Precision, Preservation, Provenance,
   |                                                  ^^^^^^^^^

warning: unused import: `Get`
  --> substrate/frame/nis/src/tests.rs:24:3
   |
24 |         Get, OnFinalize, OnInitialize,
   |         ^^^

warning: unused import: `fungible::InspectHold`
  --> substrate/frame/nis/src/tests.rs:33:5
   |
33 | use fungible::InspectHold;
   |     ^^^^^^^^^^^^^^^^^^^^^

warning: `pallet-nis` (lib test) generated 10 warnings (1 duplicate) (run `cargo fix --lib -p pallet-nis --tests` to apply 7 suggestions)
warning: unused import: `sp_io::TestExternalities as TestState`
  --> substrate/frame/node-authorization/src/tests.rs:23:5
   |
23 | use sp_io::TestExternalities as TestState;
   |     ^^^^^^^^^^^^^^^^^^^^^^^^^^^^^^^^^^^^^
   |
   = note: `#[warn(unused_imports)]` (part of `#[warn(unused)]`) on by default

warning: unused imports: `BuildStorage` and `DispatchError`
  --> substrate/frame/node-authorization/src/tests.rs:24:37
   |
24 | use sp_runtime::{traits::BadOrigin, BuildStorage, DispatchError};
   |                                     ^^^^^^^^^^^^  ^^^^^^^^^^^^^

warning: `pallet-node-authorization` (lib test) generated 2 warnings (run `cargo fix --lib -p pallet-node-authorization --tests` to apply 2 suggestions)
warning: unused import: `sp_io::TestExternalities`
  --> substrate/frame/paged-list/src/tests.rs:25:5
   |
25 | use sp_io::TestExternalities;
   |     ^^^^^^^^^^^^^^^^^^^^^^^^

warning: `pallet-paged-list` (lib test) generated 3 warnings (2 duplicates) (run `cargo fix --lib -p pallet-paged-list --tests` to apply 1 suggestion)
    Finished `test` profile [unoptimized + debuginfo] target(s) in 69m 50s
warning: the following packages contain code that will be rejected by a future version of Rust: trie-db v0.30.0
note: to see what the problems were, use the option `--future-incompat-report`, or run `cargo report future-incompatibilities --id 1`
  Executable unittests src/lib.rs (target/debug/deps/asset_hub_rococo_emulated_chain-0f6916c70491d254)
  Executable unittests src/lib.rs (target/debug/deps/asset_hub_rococo_runtime-9f266fcb721d6d3e)
  Executable tests/tests.rs (target/debug/deps/tests-9ac25aaef973b6ea)
  Executable unittests src/lib.rs (target/debug/deps/asset_hub_westend_emulated_chain-d0366dba22f4bb0d)
  Executable unittests src/lib.rs (target/debug/deps/asset_hub_westend_integration_tests-34dcea8205e2402e)
  Executable unittests src/lib.rs (target/debug/deps/asset_hub_westend_runtime-31c356d5040bb824)
  Executable tests/tests.rs (target/debug/deps/tests-0574afa48ae6c603)
  Executable unittests src/lib.rs (target/debug/deps/asset_test_utils-1359e8daf47a4423)
  Executable unittests src/lib.rs (target/debug/deps/assets_common-62bcdfe0cb41f4d4)
  Executable unittests src/lib.rs (target/debug/deps/binary_merkle_tree-a67e3e9d7dcaac68)
  Executable unittests src/lib.rs (target/debug/deps/bp_asset_hub_rococo-0cb130a8ad13ce1e)
  Executable unittests src/lib.rs (target/debug/deps/bp_asset_hub_westend-2f1f5b1c2139499b)
  Executable unittests src/lib.rs (target/debug/deps/bp_beefy-a1521aa72342c6d0)
  Executable unittests src/lib.rs (target/debug/deps/bp_bridge_hub_cumulus-411ad9af8092ed6f)
  Executable unittests src/lib.rs (target/debug/deps/bp_bridge_hub_rococo-316d1e0bbff87baf)
  Executable unittests src/lib.rs (target/debug/deps/bp_bridge_hub_westend-6b5debe985f23109)
  Executable unittests src/lib.rs (target/debug/deps/bp_header_chain-5ff0f3c7f0a03e10)
  Executable tests/implementation_match.rs (target/debug/deps/implementation_match-2ea824168810b82b)
  Executable tests/tests.rs (target/debug/deps/tests-6690e85054e2e626)
  Executable unittests src/lib.rs (target/debug/deps/bp_messages-d07aa6e61e50bc9a)
  Executable unittests src/lib.rs (target/debug/deps/bp_parachains-a53d6cfe3c496559)
  Executable unittests src/lib.rs (target/debug/deps/bp_polkadot_bulletin-504674048153d147)
  Executable unittests src/lib.rs (target/debug/deps/bp_polkadot_core-b3bb2b417b7da0e1)
  Executable unittests src/lib.rs (target/debug/deps/bp_relayers-2fb61853b8036cd1)
  Executable unittests src/lib.rs (target/debug/deps/bp_rococo-2f57658374ec6d11)
  Executable unittests src/lib.rs (target/debug/deps/bp_runtime-757bb23aadc60fea)
  Executable unittests src/lib.rs (target/debug/deps/bp_test_utils-45e95ab9e54ccb75)
  Executable unittests src/lib.rs (target/debug/deps/bp_westend-311e4b26abdee261)
  Executable unittests src/lib.rs (target/debug/deps/bp_xcm_bridge_hub-6903e66b2553ac54)
  Executable unittests src/lib.rs (target/debug/deps/bp_xcm_bridge_hub_router-68d89e3c3710ac45)
  Executable unittests src/lib.rs (target/debug/deps/bridge_hub_common-700786f574e22a51)
  Executable tests/tests.rs (target/debug/deps/tests-283744c0925516a6)
  Executable unittests src/lib.rs (target/debug/deps/bridge_hub_rococo_emulated_chain-dbc4d35c96b83575)
  Executable unittests src/lib.rs (target/debug/deps/bridge_hub_rococo_integration_tests-29f527e67da8060c)
  Executable unittests src/lib.rs (target/debug/deps/bridge_hub_rococo_runtime-bcc85c2a0b41ed3b)
  Executable tests/snowbridge.rs (target/debug/deps/snowbridge-514d3c44263eb562)
  Executable tests/tests.rs (target/debug/deps/tests-96fab9618ed3b311)
  Executable unittests src/lib.rs (target/debug/deps/bridge_hub_test_utils-ca490eb45acf1de8)
  Executable unittests src/lib.rs (target/debug/deps/bridge_hub_westend_emulated_chain-3b49488f2a8fed26)
  Executable unittests src/lib.rs (target/debug/deps/bridge_hub_westend_integration_tests-14337fce8ddae398)
  Executable unittests src/lib.rs (target/debug/deps/bridge_hub_westend_runtime-553c238b9b3f6d77)
  Executable tests/snowbridge.rs (target/debug/deps/snowbridge-880eecee503fde45)
  Executable tests/tests.rs (target/debug/deps/tests-c14d832aae6cbd00)
  Executable unittests src/lib.rs (target/debug/deps/bridge_runtime_common-c806e11c26c64a34)
  Executable unittests src/lib.rs (target/debug/deps/chain_spec_guide_runtime-1990f844682b3c7c)
  Executable tests/chain_spec_builder_tests.rs (target/debug/deps/chain_spec_builder_tests-901d5797b9d9319e)
  Executable unittests src/lib.rs (target/debug/deps/collectives_westend_emulated_chain-b64e39e378ac4d71)
  Executable unittests src/lib.rs (target/debug/deps/collectives_westend_integration_tests-e6eebd34eea8771e)
  Executable unittests src/lib.rs (target/debug/deps/collectives_westend_runtime-68eeb3ebf4f2acba)
  Executable tests/tests.rs (target/debug/deps/tests-f47d2568da6deef7)
  Executable unittests src/lib.rs (target/debug/deps/coretime_westend_emulated_chain-9b296baa3504505d)
  Executable unittests src/lib.rs (target/debug/deps/coretime_westend_integration_tests-6b7ad80bac25a9c5)
  Executable unittests src/lib.rs (target/debug/deps/coretime_westend_runtime-56a455983063a515)
  Executable tests/tests.rs (target/debug/deps/tests-4302933857d11cb0)
  Executable unittests src/lib.rs (target/debug/deps/cumulus_client_bootnodes-a046d9b32945fa9f)
  Executable unittests src/lib.rs (target/debug/deps/cumulus_client_cli-aaf74c4127ffdf28)
  Executable unittests src/lib.rs (target/debug/deps/cumulus_client_collator-c0435bfaa4420e85)
  Executable unittests src/lib.rs (target/debug/deps/cumulus_client_consensus_aura-ff6b0b47359642f8)
  Executable unittests src/lib.rs (target/debug/deps/cumulus_client_consensus_common-fba660b02afaebd7)
  Executable unittests src/lib.rs (target/debug/deps/cumulus_client_consensus_relay_chain-b6338844e25834f2)
  Executable unittests src/lib.rs (target/debug/deps/cumulus_client_network-86d1e86769d3bbd8)
  Executable unittests src/lib.rs (target/debug/deps/cumulus_client_parachain_inherent-f4481f35c19ed3be)
  Executable unittests src/lib.rs (target/debug/deps/cumulus_client_pov_recovery-1941e19d4646fffa)
  Executable unittests src/lib.rs (target/debug/deps/cumulus_client_service-c8a10855b65dd8f9)
  Executable unittests src/lib.rs (target/debug/deps/cumulus_pallet_aura_ext-7619086e4b18e3a4)
  Executable unittests src/lib.rs (target/debug/deps/cumulus_pallet_dmp_queue-0ea38f0267831d9c)
  Executable unittests src/lib.rs (target/debug/deps/cumulus_pallet_parachain_system-d9b368bff31aa541)
  Executable unittests src/lib.rs (target/debug/deps/cumulus_pallet_parachain_system_proc_macro-4f4044bdd5154152)
  Executable unittests src/lib.rs (target/debug/deps/cumulus_pallet_session_benchmarking-d79d23d18ffdeb55)
  Executable unittests src/lib.rs (target/debug/deps/cumulus_pallet_solo_to_para-f5c0a398b91bff6f)
  Executable unittests src/lib.rs (target/debug/deps/cumulus_pallet_weight_reclaim-8144a127a4138495)
  Executable unittests src/lib.rs (target/debug/deps/cumulus_pallet_xcm-46b3d51399ad3186)
  Executable unittests src/lib.rs (target/debug/deps/cumulus_pallet_xcmp_queue-72e83b6baef0f281)
  Executable unittests src/lib.rs (target/debug/deps/cumulus_ping-3ec3e0a1902820cb)
  Executable unittests src/main.rs (target/debug/deps/cumulus_pov_validator-bb5bb1d769c48600)
  Executable unittests src/lib.rs (target/debug/deps/cumulus_primitives_aura-6e9e9750e8e1e021)
  Executable unittests src/lib.rs (target/debug/deps/cumulus_primitives_core-12f044d4a1900373)
  Executable unittests src/lib.rs (target/debug/deps/cumulus_primitives_parachain_inherent-7a2083b9d19ae405)
  Executable unittests src/lib.rs (target/debug/deps/cumulus_primitives_proof_size_hostfunction-4ce7071940439801)
  Executable unittests src/lib.rs (target/debug/deps/cumulus_primitives_storage_weight_reclaim-6e36225c527898f3)
  Executable unittests src/lib.rs (target/debug/deps/cumulus_primitives_timestamp-21c112603cc0ee8f)
  Executable unittests src/lib.rs (target/debug/deps/cumulus_primitives_utility-0c047afe8da3e7fc)
  Executable unittests src/lib.rs (target/debug/deps/cumulus_relay_chain_inprocess_interface-cc84548ee571cc55)
  Executable unittests src/lib.rs (target/debug/deps/cumulus_relay_chain_interface-149af43ba1569670)
  Executable unittests src/lib.rs (target/debug/deps/cumulus_relay_chain_minimal_node-e1d61c43e61d4321)
  Executable unittests src/lib.rs (target/debug/deps/cumulus_relay_chain_rpc_interface-116f1230873c0269)
  Executable unittests src/lib.rs (target/debug/deps/cumulus_relay_chain_streams-4524a3e8137bcd23)
  Executable unittests src/lib.rs (target/debug/deps/cumulus_test_client-edea8c969989cc59)
  Executable unittests src/lib.rs (target/debug/deps/cumulus_test_relay_sproof_builder-0e994c4dd58daa36)
  Executable unittests src/lib.rs (target/debug/deps/cumulus_test_runtime-fe06edf335816f44)
  Executable unittests src/lib.rs (target/debug/deps/cumulus_test_service-152c796d5e441be3)
  Executable unittests src/main.rs (target/debug/deps/test_parachain-28bd50668bdecd18)
  Executable unittests src/lib.rs (target/debug/deps/cumulus_zombienet_sdk_helpers-bdf99e3928600e44)
  Executable unittests src/lib.rs (target/debug/deps/cumulus_zombienet_sdk_tests-276ba10a7b7b8e0f)
  Executable tests/tests.rs (target/debug/deps/tests-d1b7b90fd633c342)
  Executable tests/utils.rs (target/debug/deps/utils-22df747183b2cc15)
  Executable unittests src/lib.rs (target/debug/deps/emulated_integration_tests_common-10115485bdb453d2)
  Executable unittests src/lib.rs (target/debug/deps/equivocation_detector-08e0a2f8acef67b1)
  Executable unittests src/reconstruct.rs (target/debug/deps/reconstruct-9d0efb20d12a9cec)
  Executable unittests src/round_trip.rs (target/debug/deps/round_trip-e22351dc7b640fe2)
  Executable unittests src/lib.rs (target/debug/deps/ethereum_standards-8c8e01e95d6795d6)
  Executable unittests src/lib.rs (target/debug/deps/finality_relay-279660edce116b60)
  Executable unittests src/lib.rs (target/debug/deps/fork_tree-3170263f155d86e0)
  Executable unittests src/lib.rs (target/debug/deps/frame_benchmarking-255a66c9bcbd55ea)
  Executable unittests src/lib.rs (target/debug/deps/frame_benchmarking_cli-a7c27e6a3f8d975b)
  Executable unittests src/lib.rs (target/debug/deps/frame_benchmarking_pallet_pov-1985561a6dd9b2f2)
  Executable unittests src/lib.rs (target/debug/deps/frame_election_provider_solution_type-ea547facb7f08eaf)
  Executable unittests src/lib.rs (target/debug/deps/frame_election_provider_support-419f01d6fadd9003)
  Executable unittests src/compact.rs (target/debug/deps/compact-e76040abc9740097)
  Executable unittests src/lib.rs (target/debug/deps/frame_executive-0205c6a6fd94fca9)
  Executable unittests src/lib.rs (target/debug/deps/frame_metadata_hash_extension-176ff614296b87b1)
  Executable unittests src/main.rs (target/debug/deps/frame_omni_bencher-0f8756a9680bde12)
  Executable tests/benchmark_works.rs (target/debug/deps/benchmark_works-7ccad49694c9ab9b)
  Executable unittests src/lib.rs (target/debug/deps/frame_remote_externalities-7424b4ce4db81ae3)
  Executable unittests src/lib.rs (target/debug/deps/frame_storage_access_test_runtime-1d181129ae0f5b60)
  Executable unittests src/lib.rs (target/debug/deps/frame_support-31a377f8ef98f422)
  Executable unittests src/lib.rs (target/debug/deps/frame_support_procedural-733d0e1f42132a2f)
  Executable unittests src/lib.rs (target/debug/deps/frame_support_procedural_tools-1c28dfdcd131b331)
  Executable unittests src/lib.rs (target/debug/deps/frame_support_procedural_tools_derive-e43b8815da0f780b)
  Executable unittests src/lib.rs (target/debug/deps/frame_support_test-34f006f76cd49d4e)
  Executable tests/authorize.rs (target/debug/deps/authorize-2c090fc9311ad62a)
  Executable tests/benchmark_ui.rs (target/debug/deps/benchmark_ui-16add67c8e918a39)
  Executable tests/composite_enum.rs (target/debug/deps/composite_enum-1941ba9dc4cb4d86)
  Executable tests/construct_runtime_ui.rs (target/debug/deps/construct_runtime_ui-37d5100e9ac95ec0)
  Executable tests/derive_impl.rs (target/debug/deps/derive_impl-d1e1438eed67530b)
  Executable tests/derive_impl_ui.rs (target/debug/deps/derive_impl_ui-318a7ce0418d0e37)
  Executable tests/derive_no_bound.rs (target/debug/deps/derive_no_bound-c5ae5360e106bbdb)
  Executable tests/derive_no_bound_ui.rs (target/debug/deps/derive_no_bound_ui-ddf1f0c7a71d12eb)
  Executable tests/enum_deprecation.rs (target/debug/deps/enum_deprecation-525654baa203a95a)
  Executable tests/final_keys.rs (target/debug/deps/final_keys-83bfbc385578cd75)
  Executable tests/genesisconfig.rs (target/debug/deps/genesisconfig-8d3e9982ff3b365e)
  Executable tests/instance.rs (target/debug/deps/instance-9b67dae9a7a3209a)
  Executable tests/issue2219.rs (target/debug/deps/issue2219-1d83c66145b74e14)
  Executable tests/origin.rs (target/debug/deps/origin-bc60b669d801c2d6)
  Executable tests/pallet.rs (target/debug/deps/pallet-b783ed96611979ea)
  Executable tests/pallet_associated_types_metadata.rs (target/debug/deps/pallet_associated_types_metadata-625d2741c4c419ce)
  Executable tests/pallet_instance.rs (target/debug/deps/pallet_instance-fb73389aa4a0718c)
  Executable tests/pallet_outer_enums_explicit.rs (target/debug/deps/pallet_outer_enums_explicit-227a197aae68a081)
  Executable tests/pallet_outer_enums_implicit.rs (target/debug/deps/pallet_outer_enums_implicit-c070f8a67ecb04ec)
  Executable tests/pallet_ui.rs (target/debug/deps/pallet_ui-05342e20b6906167)
  Executable tests/runtime.rs (target/debug/deps/runtime-2ac68490dde0fabb)
  Executable tests/runtime_legacy_ordering.rs (target/debug/deps/runtime_legacy_ordering-9288760959a4e070)
  Executable tests/runtime_metadata.rs (target/debug/deps/runtime_metadata-26c22a7cdf1de1dd)
  Executable tests/runtime_ui.rs (target/debug/deps/runtime_ui-dc13214b7490d067)
  Executable tests/split_ui.rs (target/debug/deps/split_ui-790b54ad694f39aa)
  Executable tests/storage_alias_ui.rs (target/debug/deps/storage_alias_ui-ac9e87b13a064db9)
  Executable tests/storage_layers.rs (target/debug/deps/storage_layers-7d07c2a8bcc25eef)
  Executable tests/storage_transaction.rs (target/debug/deps/storage_transaction-4ce0d0b27d50ecba)
  Executable tests/tasks.rs (target/debug/deps/tasks-fcb1f3009a6f7afb)
  Executable tests/versioned_migration.rs (target/debug/deps/versioned_migration-eec9093b86571b5e)
  Executable unittests src/lib.rs (target/debug/deps/frame_support_test_compile_pass-629b838a5ad7258f)
  Executable unittests src/lib.rs (target/debug/deps/frame_support_test_pallet-c9013da55d9622d7)
  Executable unittests src/lib.rs (target/debug/deps/frame_support_test_stg_frame_crate-9b69a0ad7741ac01)
  Executable unittests src/lib.rs (target/debug/deps/frame_system-0239c86c1fa6a2b6)
  Executable unittests src/lib.rs (target/debug/deps/frame_system_benchmarking-2c2d7c807fa6e407)
  Executable unittests src/lib.rs (target/debug/deps/frame_system_rpc_runtime_api-576f55bfeeb5ff9f)
  Executable unittests src/lib.rs (target/debug/deps/frame_try_runtime-8cebcbfb64ee0684)
  Executable unittests src/lib.rs (target/debug/deps/generate_bags-0ca0b7c3782a0cd6)
  Executable unittests src/lib.rs (target/debug/deps/glutton_westend_runtime-f7cbad250f520103)
  Executable unittests src/lib.rs (target/debug/deps/governance_westend_integration_tests-0f1f9eac2d6b8bae)
  Executable unittests src/lib.rs (target/debug/deps/kitchensink_runtime-be23f410a8a9fe4d)
  Executable unittests src/lib.rs (target/debug/deps/messages_relay-fa8e310eb55ba383)
  Executable unittests src/lib.rs (target/debug/deps/minimal_template_node-33e14f2f35198bd6)
  Executable unittests src/main.rs (target/debug/deps/minimal_template_node-310fc4198663d0da)
  Executable unittests src/lib.rs (target/debug/deps/minimal_template_runtime-556e8822a9e81a57)
  Executable unittests src/lib.rs (target/debug/deps/mmr_gadget-57224c8b60b717f8)
  Executable unittests src/lib.rs (target/debug/deps/mmr_rpc-c454b0718acf804b)
  Executable unittests src/main.rs (target/debug/deps/node_bench-71ac35f68f687842)
  Executable unittests src/lib.rs (target/debug/deps/node_primitives-459ebb603c8ba787)
  Executable unittests src/lib.rs (target/debug/deps/node_rpc-ed18126e6668b843)
  Executable unittests src/main.rs (target/debug/deps/node_runtime_generate_bags-62e2cabeb332c3c2)
  Executable unittests src/main.rs (target/debug/deps/node_template_release-0f6016680c6854c8)
  Executable unittests src/lib.rs (target/debug/deps/node_testing-b459d815331e2725)
  Executable unittests src/lib.rs (target/debug/deps/pallet_ah_ops-b32e882b8649026b)
  Executable unittests src/lib.rs (target/debug/deps/pallet_ahm_test-6eeca44fa3755eea)
  Executable unittests src/lib.rs (target/debug/deps/pallet_alliance-54516a80029c7889)
  Executable unittests src/lib.rs (target/debug/deps/pallet_asset_conversion-69becaf305049bfd)
  Executable unittests src/lib.rs (target/debug/deps/pallet_asset_conversion_ops-b3fe200a299c7f5d)
  Executable unittests src/lib.rs (target/debug/deps/pallet_asset_conversion_tx_payment-b33a12a0a0b8d3da)
  Executable unittests src/lib.rs (target/debug/deps/pallet_asset_rate-7d2dd20f40062962)
  Executable unittests src/lib.rs (target/debug/deps/pallet_asset_rewards-c86cfb18dab8337d)
  Executable unittests src/lib.rs (target/debug/deps/pallet_asset_tx_payment-5af21699d7568555)
  Executable unittests src/lib.rs (target/debug/deps/pallet_assets-715be7c43bfb5851)
  Executable unittests src/lib.rs (target/debug/deps/pallet_assets_freezer-d3d73795935bd21c)
  Executable unittests src/lib.rs (target/debug/deps/pallet_assets_holder-d64b5ebc734d9343)
  Executable unittests src/lib.rs (target/debug/deps/pallet_assets_precompiles-a9c7efbf120ec691)
  Executable unittests src/lib.rs (target/debug/deps/pallet_atomic_swap-9c54ab8198daac69)
  Executable unittests src/lib.rs (target/debug/deps/pallet_aura-ca85b1c3853a3d03)
  Executable unittests src/lib.rs (target/debug/deps/pallet_authority_discovery-f309cb29da0542df)
  Executable unittests src/lib.rs (target/debug/deps/pallet_authorship-cad05edbc288c7cf)
  Executable unittests src/lib.rs (target/debug/deps/pallet_babe-c857938173a6cb2a)
  Executable unittests src/lib.rs (target/debug/deps/pallet_bags_list-83d1f7ef3c77e3a7)
  Executable unittests src/main.rs (target/debug/deps/bags_list-e74c798bcb6b3e2a)
  Executable unittests src/lib.rs (target/debug/deps/pallet_bags_list_remote_tests-d75842502ef1b4f3)
  Executable unittests src/lib.rs (target/debug/deps/pallet_balances-b9bc008e098651b7)
  Executable unittests src/lib.rs (target/debug/deps/pallet_beefy-983553f1c61517f8)
  Executable unittests src/lib.rs (target/debug/deps/pallet_beefy_mmr-25e3610cdd5eb565)
  Executable unittests src/lib.rs (target/debug/deps/pallet_bounties-784f97978893af22)
  Executable unittests src/lib.rs (target/debug/deps/pallet_bridge_beefy-36796ee4b52b0b7d)
  Executable unittests src/lib.rs (target/debug/deps/pallet_bridge_grandpa-ab5df207ea879d85)
  Executable unittests src/lib.rs (target/debug/deps/pallet_bridge_messages-cc92b3e1f4ae671d)
  Executable unittests src/lib.rs (target/debug/deps/pallet_bridge_parachains-54754d60b08b5b12)
  Executable unittests src/lib.rs (target/debug/deps/pallet_bridge_relayers-954e2f1388384028)
  Executable unittests src/lib.rs (target/debug/deps/pallet_broker-3de7e751ced458d5)
  Executable unittests src/lib.rs (target/debug/deps/pallet_child_bounties-2d41e1f11afe3bf9)
  Executable unittests src/lib.rs (target/debug/deps/pallet_collator_selection-56fdaf09b94b0354)
  Executable unittests src/lib.rs (target/debug/deps/pallet_collective-8a6f599073027de6)
  Executable unittests src/lib.rs (target/debug/deps/pallet_collective_content-ca3b2abd4021878a)
  Executable unittests src/lib.rs (target/debug/deps/pallet_contracts-736d5a7d3f5c1ef1)
  Executable unittests src/lib.rs (target/debug/deps/pallet_contracts_fixtures-7d19af7652e3a20c)
  Executable unittests src/lib.rs (target/debug/deps/pallet_contracts_mock_network-37d54fcb171da4e5)
  Executable unittests src/lib.rs (target/debug/deps/pallet_contracts_proc_macro-7bbdb1ad027949ed)
  Executable unittests src/lib.rs (target/debug/deps/pallet_contracts_uapi-fb8ef87aa5360967)
  Executable unittests src/lib.rs (target/debug/deps/pallet_conviction_voting-bd98255e11973995)
  Executable unittests src/lib.rs (target/debug/deps/pallet_core_fellowship-ce4b7580c2c766d5)
  Executable unittests src/lib.rs (target/debug/deps/pallet_dap-db56e7ca6ce83376)
  Executable unittests src/lib.rs (target/debug/deps/pallet_dap_satellite-702edff7e2178529)
  Executable unittests src/lib.rs (target/debug/deps/pallet_default_config_example-e0e145a0b9582e48)
  Executable unittests src/lib.rs (target/debug/deps/pallet_delegated_staking-aaf0010aa8a6ff06)
  Executable unittests src/lib.rs (target/debug/deps/pallet_democracy-30cb8a9a87f6c68c)
  Executable unittests src/lib.rs (target/debug/deps/pallet_derivatives-c549b5f3e0d889d4)
  Executable unittests src/lib.rs (target/debug/deps/pallet_dev_mode-ce7404b28f0aebd0)
  Executable unittests src/lib.rs (target/debug/deps/pallet_dummy_dim-b7c24e063c1c7db9)
  Executable unittests src/lib.rs (target/debug/deps/pallet_election_provider_e2e_test-59d065f5de5779d8)
  Executable unittests src/lib.rs (target/debug/deps/pallet_election_provider_multi_block-9fadef1c5cf7c999)
  Executable unittests src/lib.rs (target/debug/deps/pallet_election_provider_multi_phase-b2d434a84a162b50)
  Executable unittests src/lib.rs (target/debug/deps/pallet_election_provider_support_benchmarking-497bae04d13cda45)
  Executable unittests src/lib.rs (target/debug/deps/pallet_elections_phragmen-c5c4347ec42425eb)
  Executable unittests src/lib.rs (target/debug/deps/pallet_example_authorization_tx_extension-aad4ba08f8acea0e)
  Executable unittests src/lib.rs (target/debug/deps/pallet_example_basic-46876f17ac8ba83a)
  Executable unittests src/lib.rs (target/debug/deps/pallet_example_frame_crate-f9ba6976216f7a51)
  Executable unittests src/lib.rs (target/debug/deps/pallet_example_kitchensink-c11f5fe77335390c)
  Executable unittests src/lib.rs (target/debug/deps/pallet_example_mbm-b93db668bd892ec6)
  Executable unittests src/lib.rs (target/debug/deps/pallet_example_offchain_worker-7cc880de671893fa)
  Executable unittests src/lib.rs (target/debug/deps/pallet_example_single_block_migrations-d5af86658e8b6d69)
  Executable unittests src/lib.rs (target/debug/deps/pallet_example_split-4b21ad660b2be513)
  Executable unittests src/lib.rs (target/debug/deps/pallet_example_tasks-a8d9bada7b65bdf8)
  Executable unittests src/lib.rs (target/debug/deps/pallet_example_view_functions-af8cde1106170f36)
  Executable unittests src/lib.rs (target/debug/deps/pallet_examples-5c363cd65da14625)
  Executable unittests src/lib.rs (target/debug/deps/pallet_fast_unstake-b8df553ee0707f3c)
  Executable unittests src/lib.rs (target/debug/deps/pallet_glutton-27b0d1b7a04150a6)
  Executable unittests src/lib.rs (target/debug/deps/pallet_grandpa-f229a215ccb31c52)
  Executable unittests src/lib.rs (target/debug/deps/pallet_identity-8ce49058e3194d0f)
  Executable unittests src/lib.rs (target/debug/deps/pallet_im_online-449b03c171530d03)
  Executable unittests src/lib.rs (target/debug/deps/pallet_indices-5b4c8a42e6954ebb)
  Executable unittests src/lib.rs (target/debug/deps/pallet_insecure_randomness_collective_flip-9576f6197934935c)
  Executable unittests src/lib.rs (target/debug/deps/pallet_lottery-c0c69561011f5c2b)
  Executable unittests src/lib.rs (target/debug/deps/pallet_membership-45bf13c25ccf38fe)
  Executable unittests src/lib.rs (target/debug/deps/pallet_message_queue-3c73715a0bf14d10)
  Executable unittests src/lib.rs (target/debug/deps/pallet_meta_tx-b7216c4c3267f209)
  Executable unittests src/lib.rs (target/debug/deps/pallet_migrations-c5ed087ba3190a73)
  Executable unittests src/lib.rs (target/debug/deps/pallet_minimal_template-77f6caeee8f9c66f)
  Executable unittests src/lib.rs (target/debug/deps/pallet_mixnet-8781700773497bd0)
  Executable unittests src/lib.rs (target/debug/deps/pallet_mmr-5e03e120c524f02e)
  Executable unittests src/lib.rs (target/debug/deps/pallet_multi_asset_bounties-d2365bd0ee9c88ab)
  Executable unittests src/lib.rs (target/debug/deps/pallet_multisig-07f4116e212891b8)
  Executable unittests src/lib.rs (target/debug/deps/pallet_nft_fractionalization-0f6a8536568917bd)
  Executable unittests src/lib.rs (target/debug/deps/pallet_nfts-804856e136c96d2f)
  Executable unittests src/lib.rs (target/debug/deps/pallet_nfts_runtime_api-60ca283851bc09bd)
  Executable unittests src/lib.rs (target/debug/deps/pallet_nis-68ad75e0b51215d5)
  Executable unittests src/lib.rs (target/debug/deps/pallet_node_authorization-96c19d546a16a288)
  Executable unittests src/lib.rs (target/debug/deps/pallet_nomination_pools-9fc694dc699dacac)
  Executable unittests src/lib.rs (target/debug/deps/pallet_nomination_pools_benchmarking-965d4493857daf14)
  Executable unittests src/call.rs (target/debug/deps/call-ec932f86d3c98983)
  Executable unittests src/lib.rs (target/debug/deps/pallet_nomination_pools_runtime_api-8819c51e5d991a4e)
  Executable unittests src/lib.rs (target/debug/deps/pallet_nomination_pools_test_delegate_stake-62655284a66da028)
  Executable unittests src/lib.rs (target/debug/deps/pallet_offences-e1ced13bfe889f43)
  Executable unittests src/lib.rs (target/debug/deps/pallet_offences_benchmarking-72b09e790f2f1b89)
  Executable unittests src/lib.rs (target/debug/deps/pallet_oracle-e7390d65a87e9af3)
  Executable unittests src/lib.rs (target/debug/deps/pallet_oracle_runtime_api-16bd6a2b0e0c61a0)
  Executable unittests src/lib.rs (target/debug/deps/pallet_origin_restriction-4351fd339554de6a)
  Executable unittests src/lib.rs (target/debug/deps/pallet_paged_list-5b4d384471128923)
  Executable unittests src/paged_list.rs (target/debug/deps/pallet_paged_list_fuzzer-7f3999593c40c4b2)
  Executable unittests src/lib.rs (target/debug/deps/pallet_parachain_template-917cdd1b745aae50)
  Executable unittests src/lib.rs (target/debug/deps/pallet_parameters-3fbeb122f0001806)
  Executable unittests src/lib.rs (target/debug/deps/pallet_people-a051afd65668b2ae)
  Executable unittests src/lib.rs (target/debug/deps/pallet_preimage-c3eeaed34fc90d0a)
  Executable unittests src/lib.rs (target/debug/deps/pallet_proxy-7a0b1f640de43fc9)
  Executable unittests src/lib.rs (target/debug/deps/pallet_ranked_collective-d26d07cee8ff42c1)
  Executable unittests src/lib.rs (target/debug/deps/pallet_recovery-89412ab82f089b0c)
  Executable unittests src/lib.rs (target/debug/deps/pallet_referenda-7a55a12b3fb86baf)
  Executable unittests src/lib.rs (target/debug/deps/pallet_remark-273d90f2964c1a37)
  Executable unittests src/lib.rs (target/debug/deps/pallet_revive-5cb7a2e35363d706)
  Executable unittests src/lib.rs (target/debug/deps/pallet_revive_eth_rpc-3e29d207eb8fe7d3)
  Executable unittests src/main.rs (target/debug/deps/eth_rpc-dda2cf1b479bedb2)
  Executable unittests src/lib.rs (target/debug/deps/pallet_revive_fixtures-a36d95673063b043)
  Executable unittests src/lib.rs (target/debug/deps/pallet_revive_proc_macro-614b3679061bfb63)
  Executable unittests src/lib.rs (target/debug/deps/pallet_revive_uapi-959de7d8168b859b)
  Executable unittests src/lib.rs (target/debug/deps/pallet_revive_ui_tests-2e939352bb0430bd)
  Executable unittests src/lib.rs (target/debug/deps/pallet_root_offences-4e1e20aec2e67053)
  Executable unittests src/lib.rs (target/debug/deps/pallet_root_testing-97fbe4260d002edc)
  Executable unittests src/lib.rs (target/debug/deps/pallet_safe_mode-8284113b79fabd54)
  Executable unittests src/lib.rs (target/debug/deps/pallet_salary-8c0ae07535f22603)
  Executable unittests src/lib.rs (target/debug/deps/pallet_sassafras-d83aac53802a53ce)
  Executable unittests src/lib.rs (target/debug/deps/pallet_scheduler-f6a9456fe45393eb)
  Executable unittests src/lib.rs (target/debug/deps/pallet_scored_pool-925cbb18708d22f8)
  Executable unittests src/lib.rs (target/debug/deps/pallet_session-b22ca108672653fc)
  Executable unittests src/lib.rs (target/debug/deps/pallet_session_benchmarking-bb9e5000fd3f14cd)
  Executable unittests src/lib.rs (target/debug/deps/pallet_skip_feeless_payment-484a4fadeeda3fbc)
  Executable unittests src/lib.rs (target/debug/deps/pallet_society-5ca8c54089f3a6c1)
  Executable unittests src/lib.rs (target/debug/deps/pallet_staking-c5e25bd57f4a8fea)
  Executable unittests src/lib.rs (target/debug/deps/pallet_staking_async-a2133b9f4afa0ef1)
  Executable unittests src/lib.rs (target/debug/deps/pallet_staking_async_ah_client-a916d4b4548f2967)
  Executable unittests src/lib.rs (target/debug/deps/pallet_staking_async_parachain_runtime-49554d6793b1bf82)
  Executable unittests src/lib.rs (target/debug/deps/pallet_staking_async_preset_store-e4336804b05d1228)
  Executable unittests src/lib.rs (target/debug/deps/pallet_staking_async_rc_client-2138982acded9db9)
  Executable unittests src/lib.rs (target/debug/deps/pallet_staking_async_rc_runtime-90c18d80d5c8e4e6)
  Executable unittests src/lib.rs (target/debug/deps/pallet_staking_async_rc_runtime_constants-ed4f5526fc0ee410)
  Executable unittests src/lib.rs (target/debug/deps/pallet_staking_async_runtime_api-be19cf6c362c17e3)
  Executable unittests src/lib.rs (target/debug/deps/pallet_staking_reward_curve-bda0ba7199b3ff22)
  Executable tests/test.rs (target/debug/deps/test-41a233fe45cdb02d)
  Executable unittests src/lib.rs (target/debug/deps/pallet_staking_reward_fn-47fcec6fe7ddfac0)
  Executable tests/test.rs (target/debug/deps/test-445326652cc9dc60)
  Executable unittests src/lib.rs (target/debug/deps/pallet_staking_runtime_api-8b4d151082b228ec)
  Executable unittests src/lib.rs (target/debug/deps/pallet_state_trie_migration-92eb9a0f456b87f7)
  Executable unittests src/lib.rs (target/debug/deps/pallet_statement-1159b42350734be7)
  Executable unittests src/lib.rs (target/debug/deps/pallet_sudo-7bbb75153da71678)
  Executable unittests src/lib.rs (target/debug/deps/pallet_template-2631d84effd7670d)
  Executable unittests src/lib.rs (target/debug/deps/pallet_timestamp-cc1ca0a674eade0e)
  Executable unittests src/lib.rs (target/debug/deps/pallet_tips-1fd30787f39bb462)
  Executable unittests src/lib.rs (target/debug/deps/pallet_transaction_payment-72b04a7e5dced332)
  Executable unittests src/lib.rs (target/debug/deps/pallet_transaction_payment_rpc-8eda89541fa68777)
  Executable unittests src/lib.rs (target/debug/deps/pallet_transaction_payment_rpc_runtime_api-9b9813e0e0bfe644)
  Executable unittests src/lib.rs (target/debug/deps/pallet_transaction_storage-a00fe320099b990f)
  Executable unittests src/lib.rs (target/debug/deps/pallet_treasury-b200598d33983972)
  Executable unittests src/lib.rs (target/debug/deps/pallet_tx_pause-2abdacbc7405e90e)
  Executable unittests src/lib.rs (target/debug/deps/pallet_uniques-d19c9949d84cce99)
  Executable unittests src/lib.rs (target/debug/deps/pallet_utility-2242f9c1722addd7)
  Executable unittests src/lib.rs (target/debug/deps/pallet_verify_signature-e0dce9bb17263043)
  Executable unittests src/lib.rs (target/debug/deps/pallet_vesting-1e3cdffbae8d7504)
  Executable unittests src/lib.rs (target/debug/deps/pallet_whitelist-5e004f4d929679c0)
  Executable unittests src/lib.rs (target/debug/deps/pallet_xcm-e287bb5306a194ab)
  Executable unittests src/lib.rs (target/debug/deps/pallet_xcm_benchmarks-9666ea51aac711be)
  Executable unittests src/lib.rs (target/debug/deps/pallet_xcm_bridge_hub-9d1c384d91e96173)
  Executable unittests src/lib.rs (target/debug/deps/pallet_xcm_bridge_hub_router-66231b9dd1f7d9a7)
  Executable unittests src/lib.rs (target/debug/deps/pallet_xcm_precompiles-649e580c412a7a93)
  Executable unittests src/lib.rs (target/debug/deps/parachain_template-ef5bf95d7d9945f9)
  Executable unittests src/main.rs (target/debug/deps/parachain_template_node-04729205a24f8f28)
  Executable unittests src/lib.rs (target/debug/deps/parachain_template_runtime-96d5f1f3cfb49114)
  Executable unittests src/lib.rs (target/debug/deps/parachains_common-094286d28bc9f9c5)
  Executable unittests src/lib.rs (target/debug/deps/parachains_common_types-6b88f24ad178ac90)
  Executable unittests src/lib.rs (target/debug/deps/parachains_relay-ea8f658816ca204c)
  Executable unittests src/lib.rs (target/debug/deps/parachains_runtimes_test_utils-41403e4c956fcd26)
  Executable unittests src/lib.rs (target/debug/deps/penpal_emulated_chain-ab3ba00284ca92f0)
  Executable unittests src/lib.rs (target/debug/deps/penpal_runtime-68804452c6e8a311)
  Executable unittests src/lib.rs (target/debug/deps/people_westend_emulated_chain-3e723bc741b92180)
  Executable unittests src/lib.rs (target/debug/deps/people_westend_integration_tests-305cf83039d76d53)
  Executable unittests src/lib.rs (target/debug/deps/people_westend_runtime-127f9c4c16813a03)
  Executable tests/tests.rs (target/debug/deps/tests-1d919b5fb6069f73)
  Executable unittests src/main.rs (target/debug/deps/polkadot-4679c4b6909f5705)
  Executable unittests src/bin/execute-worker.rs (target/debug/deps/polkadot_execute_worker-c356fcebef08791f)
  Executable unittests src/bin/prepare-worker.rs (target/debug/deps/polkadot_prepare_worker-b02f83e90ee5a1f1)
  Executable tests/benchmark_block.rs (target/debug/deps/benchmark_block-ff4c2771aa4706aa)
  Executable tests/benchmark_extrinsic.rs (target/debug/deps/benchmark_extrinsic-c8a5e269e4b06209)
  Executable tests/benchmark_overhead.rs (target/debug/deps/benchmark_overhead-be5d8f100a2b2920)
  Executable tests/benchmark_storage_works.rs (target/debug/deps/benchmark_storage_works-0052bfc94d8fe5e0)
  Executable tests/common.rs (target/debug/deps/common-6aaab6a3f20b164a)
  Executable tests/invalid_order_arguments.rs (target/debug/deps/invalid_order_arguments-b0e5a16c5cb8b996)
  Executable tests/purge_chain_works.rs (target/debug/deps/purge_chain_works-e57ebd21c8b9ddb5)
  Executable tests/running_the_node_and_interrupt.rs (target/debug/deps/running_the_node_and_interrupt-2e15876f60767920)
  Executable tests/workers.rs (target/debug/deps/workers-0576ea391319eb96)
  Executable unittests src/lib.rs (target/debug/deps/polkadot_approval_distribution-5cea04ed651cfb42)
  Executable unittests src/lib.rs (target/debug/deps/polkadot_availability_bitfield_distribution-1cc434d2c29fa817)
  Executable unittests src/lib.rs (target/debug/deps/polkadot_availability_distribution-265844cab8dac313)
  Executable unittests src/lib.rs (target/debug/deps/polkadot_availability_recovery-0095f22d1088da94)
  Executable unittests src/lib.rs (target/debug/deps/polkadot_cli-517aa0ef70cc6489)
  Executable unittests src/lib.rs (target/debug/deps/polkadot_collator_protocol-1f279a305ed9d86a)
  Executable unittests src/lib.rs (target/debug/deps/polkadot_core_primitives-0c7954b228b6cc5c)
  Executable unittests src/lib.rs (target/debug/deps/polkadot_dispute_distribution-a92eae7bfe4ba2ed)
  Executable unittests src/lib.rs (target/debug/deps/polkadot_erasure_coding-b8909149affc7839)
  Executable unittests src/lib.rs (target/debug/deps/polkadot_gossip_support-e159c313719ccc85)
  Executable unittests src/lib.rs (target/debug/deps/polkadot_jemalloc_shim-6608a9b6af6e5373)
  Executable unittests src/lib.rs (target/debug/deps/polkadot_network_bridge-5ba669b7946fdbc2)
  Executable unittests src/lib.rs (target/debug/deps/polkadot_node_collation_generation-e07d287d83681775)
  Executable unittests src/lib.rs (target/debug/deps/polkadot_node_core_approval_voting-938002ce340339c4)
  Executable unittests src/lib.rs (target/debug/deps/polkadot_node_core_approval_voting_parallel-3a6ba81579b40513)
  Executable unittests src/lib.rs (target/debug/deps/polkadot_node_core_av_store-a7c9957be432349a)
  Executable unittests src/lib.rs (target/debug/deps/polkadot_node_core_backing-b41ea60ee87c83e2)
  Executable unittests src/lib.rs (target/debug/deps/polkadot_node_core_bitfield_signing-61f0df9d44d8c356)
  Executable unittests src/lib.rs (target/debug/deps/polkadot_node_core_candidate_validation-28ba244255a4a8bc)
  Executable unittests src/lib.rs (target/debug/deps/polkadot_node_core_chain_api-185f401ecb162855)
  Executable unittests src/lib.rs (target/debug/deps/polkadot_node_core_chain_selection-9138c80886624b16)
  Executable unittests src/lib.rs (target/debug/deps/polkadot_node_core_dispute_coordinator-ffd3ceff84031de7)
  Executable unittests src/lib.rs (target/debug/deps/polkadot_node_core_parachains_inherent-2d50c98c01d4aae1)
  Executable unittests src/lib.rs (target/debug/deps/polkadot_node_core_prospective_parachains-fa7edc5a157b6d55)
  Executable unittests src/lib.rs (target/debug/deps/polkadot_node_core_provisioner-9120be68da4e9b06)
  Executable unittests src/lib.rs (target/debug/deps/polkadot_node_core_pvf-72018f5df67d67ea)
  Executable tests/it/main.rs (target/debug/deps/it-6962588cf6cf5d85)
  Executable unittests src/lib.rs (target/debug/deps/polkadot_node_core_pvf_checker-b97bd726cf12f28b)
  Executable unittests src/lib.rs (target/debug/deps/polkadot_node_core_pvf_common-59a01fe984065158)
  Executable unittests src/lib.rs (target/debug/deps/polkadot_node_core_pvf_execute_worker-05b4f3ac6660d065)
  Executable unittests src/lib.rs (target/debug/deps/polkadot_node_core_pvf_prepare_worker-38addbf845c7916e)
  Executable unittests src/lib.rs (target/debug/deps/polkadot_node_core_runtime_api-3bbbc0d93726bec6)
  Executable unittests src/lib.rs (target/debug/deps/polkadot_node_metrics-72161e43f930ecce)
  Executable unittests src/lib.rs (target/debug/deps/polkadot_node_network_protocol-ff0fcc8942d79652)
  Executable unittests src/lib.rs (target/debug/deps/polkadot_node_primitives-6e3c7909688d43ca)
  Executable unittests src/lib.rs (target/debug/deps/polkadot_node_subsystem-de2d57be79d7ee2b)
  Executable unittests src/lib.rs (target/debug/deps/polkadot_node_subsystem_test_helpers-3f59dda9e264cdc8)
  Executable unittests src/lib.rs (target/debug/deps/polkadot_node_subsystem_types-6bb7721d5972a165)
  Executable unittests src/lib.rs (target/debug/deps/polkadot_node_subsystem_util-2932346b643d87bc)
  Executable unittests src/main.rs (target/debug/deps/polkadot_omni_node-d37089a21653fc72)
  Executable tests/extra_subcommand_parsing_test.rs (target/debug/deps/extra_subcommand_parsing_test-d79a9f0ec8265d41)
  Executable unittests src/lib.rs (target/debug/deps/polkadot_omni_node_lib-7d18bc465a3455c4)
  Executable unittests src/lib.rs (target/debug/deps/polkadot_overseer-68afd5f480e3f728)
  Executable unittests src/main.rs (target/debug/deps/polkadot_parachain-7617c2b0c6dbf08d)
  Executable tests/extra_subcommand_parsing_test.rs (target/debug/deps/extra_subcommand_parsing_test-3641d123461441eb)
  Executable unittests src/lib.rs (target/debug/deps/polkadot_parachain_primitives-aba28d27aa8755b2)
  Executable unittests src/lib.rs (target/debug/deps/polkadot_primitives-d089acbf535d157e)
  Executable unittests src/lib.rs (target/debug/deps/polkadot_primitives_test_helpers-10e078f2ae63c6dc)
  Executable unittests src/lib.rs (target/debug/deps/polkadot_rpc-d159ae00731a1b27)
  Executable unittests src/lib.rs (target/debug/deps/polkadot_runtime_common-a9e25bbc1cd91142)
  Executable unittests src/lib.rs (target/debug/deps/polkadot_runtime_metrics-6184e4dbe14ebad7)
  Executable unittests src/lib.rs (target/debug/deps/polkadot_runtime_parachains-e33663677966f7d1)
  Executable unittests src/lib.rs (target/debug/deps/polkadot_sdk-3c536522d481012e)
  Executable unittests src/lib.rs (target/debug/deps/polkadot_sdk_docs-72f1b1acc8032987)
  Executable unittests src/lib.rs (target/debug/deps/polkadot_sdk_docs_first_pallet-481375c0785a4a97)
  Executable unittests src/lib.rs (target/debug/deps/polkadot_sdk_docs_first_runtime-85d6534ceb116911)
  Executable unittests src/lib.rs (target/debug/deps/polkadot_sdk_frame-3722411058a5a35f)
  Executable unittests src/lib.rs (target/debug/deps/polkadot_service-a1b4108b54ddb29c)
  Executable unittests src/lib.rs (target/debug/deps/polkadot_statement_distribution-b2e0eb6070732817)
  Executable unittests src/lib.rs (target/debug/deps/polkadot_statement_table-b0e1d87915f560ac)
  Executable unittests src/lib/lib.rs (target/debug/deps/polkadot_subsystem_bench-b60e80ded72eb60e)
  Executable unittests src/cli/subsystem-bench.rs (target/debug/deps/subsystem_bench-50a96f85893cc970)
  Executable unittests src/lib.rs (target/debug/deps/polkadot_test_client-7014f6b2804b5a0d)
  Executable unittests src/malus.rs (target/debug/deps/malus-e3f2c62aec01d0cd)
  Executable unittests ../../src/bin/execute-worker.rs (target/debug/deps/polkadot_execute_worker-7df75924626d9219)
  Executable unittests ../../src/bin/prepare-worker.rs (target/debug/deps/polkadot_prepare_worker-3f862d9882872d6b)
  Executable unittests src/lib.rs (target/debug/deps/polkadot_test_runtime-14e1cb8209ca39f3)
  Executable unittests src/lib.rs (target/debug/deps/polkadot_test_service-a53ee4990b0b3441)
  Executable tests/build-blocks.rs (target/debug/deps/build_blocks-efa536c3534f28ff)
  Executable tests/call-function.rs (target/debug/deps/call_function-5e8fcfe99481d437)
  Executable unittests src/main.rs (target/debug/deps/polkadot_voter_bags-37a73fd2e3cda9b4)
  Executable unittests src/lib.rs (target/debug/deps/polkadot_zombienet_sdk_tests-2763efefe071555b)
  Executable tests/lib.rs (target/debug/deps/lib-7fc97385061e32ff)
  Executable tests/utils.rs (target/debug/deps/utils-bec5f48503484a0e)
  Executable unittests src/lib.rs (target/debug/deps/relay_substrate_client-47644a974bcb0abd)
  Executable unittests src/lib.rs (target/debug/deps/relay_utils-1330d0e680c93e0b)
  Executable unittests src/main.rs (target/debug/deps/remote_ext_tests_bags_list-66af175e19d65847)
  Executable unittests src/lib.rs (target/debug/deps/revive_dev_node-d715cd04f838dc3f)
  Executable unittests src/main.rs (target/debug/deps/revive_dev_node-393b5862f5303820)
  Executable unittests src/lib.rs (target/debug/deps/revive_dev_runtime-256e9a643d3b908a)
  Executable unittests src/lib.rs (target/debug/deps/rococo_emulated_chain-0715c9792782f8e9)
  Executable unittests src/lib.rs (target/debug/deps/rococo_runtime-e21223c1fa5647dd)
  Executable unittests src/lib.rs (target/debug/deps/rococo_runtime_constants-c90ebbb844bf4fea)
  Executable unittests src/lib.rs (target/debug/deps/rococo_westend_system_emulated_network-f3d18da459f1c539)
  Executable unittests src/lib.rs (target/debug/deps/sc_allocator-e9c3693f60f9f896)
  Executable unittests src/lib.rs (target/debug/deps/sc_authority_discovery-abd2b79df17c6c44)
  Executable unittests src/lib.rs (target/debug/deps/sc_basic_authorship-0bf225b4404e3fcd)
  Executable unittests src/lib.rs (target/debug/deps/sc_block_builder-a25c3e0edbee8f8f)
  Executable unittests src/lib.rs (target/debug/deps/sc_chain_spec-cd906dba506bee37)
  Executable unittests src/lib.rs (target/debug/deps/sc_chain_spec_derive-a5ca7b9c4d8cee93)
  Executable unittests src/lib.rs (target/debug/deps/sc_cli-b1c0969c70929d53)
  Executable unittests src/lib.rs (target/debug/deps/sc_client_api-131a52710b4f2609)
  Executable unittests src/lib.rs (target/debug/deps/sc_client_db-22081422889fb558)
  Executable unittests src/lib.rs (target/debug/deps/sc_consensus-f287b357263fb56d)
  Executable unittests src/lib.rs (target/debug/deps/sc_consensus_aura-42287d497670e710)
  Executable unittests src/lib.rs (target/debug/deps/sc_consensus_babe-af805919fdf6742e)
  Executable unittests src/lib.rs (target/debug/deps/sc_consensus_babe_rpc-e9c2f0c29a27d4b0)
  Executable unittests src/lib.rs (target/debug/deps/sc_consensus_beefy-d79c3a1918cf8caa)
  Executable unittests src/lib.rs (target/debug/deps/sc_consensus_beefy_rpc-f6cec2d2fed5081a)
  Executable unittests src/lib.rs (target/debug/deps/sc_consensus_epochs-c8118daadead4534)
  Executable unittests src/lib.rs (target/debug/deps/sc_consensus_grandpa-e774b5a61b468757)
  Executable unittests src/lib.rs (target/debug/deps/sc_consensus_grandpa_rpc-42f4af564ddda59c)
  Executable unittests src/lib.rs (target/debug/deps/sc_consensus_manual_seal-f95df60d5e91e3f2)
  Executable unittests src/lib.rs (target/debug/deps/sc_consensus_pow-13c6703c609088d9)
  Executable unittests src/lib.rs (target/debug/deps/sc_consensus_slots-8012bd0bf45d0b70)
  Executable unittests src/lib.rs (target/debug/deps/sc_executor-3cc03f32d6534114)
  Executable unittests src/lib.rs (target/debug/deps/sc_executor_common-494d396def32093e)
  Executable unittests src/lib.rs (target/debug/deps/sc_executor_polkavm-b2e92552f3ff7b96)
  Executable unittests src/lib.rs (target/debug/deps/sc_executor_wasmtime-f7d403947b8768f7)
  Executable unittests src/lib.rs (target/debug/deps/sc_informant-e8b8b3ab4d3cfb9c)
  Executable unittests src/lib.rs (target/debug/deps/sc_keystore-655dc3781a7172eb)
  Executable unittests src/lib.rs (target/debug/deps/sc_mixnet-ec4cbb4d0750097e)
  Executable unittests src/lib.rs (target/debug/deps/sc_network-4a2cf3a675db3c03)
  Executable unittests src/lib.rs (target/debug/deps/sc_network_common-396172df823662eb)
  Executable unittests src/lib.rs (target/debug/deps/sc_network_gossip-e9e92c45e8066aeb)
  Executable unittests src/lib.rs (target/debug/deps/sc_network_light-7bd942e1cc529cf4)
  Executable unittests src/lib.rs (target/debug/deps/sc_network_statement-f6e41684fc7f9f7a)
  Executable unittests src/lib.rs (target/debug/deps/sc_network_sync-f90d164bf10ff0f8)
  Executable unittests src/lib.rs (target/debug/deps/sc_network_test-3decdd4ddc531b3d)
  Executable unittests src/lib.rs (target/debug/deps/sc_network_transactions-d5e50266d780c893)
  Executable unittests src/lib.rs (target/debug/deps/sc_network_types-f62aea6acec16181)
  Executable unittests src/lib.rs (target/debug/deps/sc_offchain-ee574dd3a460c99e)
  Executable unittests src/lib.rs (target/debug/deps/sc_proposer_metrics-93d0bdb6b52a39a3)
  Executable unittests src/lib.rs (target/debug/deps/sc_rpc-2ee4823e8e5af948)
  Executable unittests src/lib.rs (target/debug/deps/sc_rpc_api-b76178c746ef8ac3)
  Executable unittests src/lib.rs (target/debug/deps/sc_rpc_server-6fdf982f840e6ac6)
  Executable unittests src/lib.rs (target/debug/deps/sc_rpc_spec_v2-74ab6c09ed784c33)
  Executable unittests src/lib.rs (target/debug/deps/sc_runtime_test-67caffea0561f763)
  Executable unittests src/lib.rs (target/debug/deps/sc_runtime_utilities-6e65141c13622c57)
  Executable unittests src/lib.rs (target/debug/deps/sc_service-82cfe9bd9ae08571)
  Executable unittests src/lib.rs (target/debug/deps/sc_service_test-84f3428a5763859f)
  Executable unittests src/lib.rs (target/debug/deps/sc_state_db-c2ea7034928ae235)
  Executable unittests src/lib.rs (target/debug/deps/sc_statement_store-d1bf8591ef21cf11)
  Executable unittests src/lib.rs (target/debug/deps/sc_storage_monitor-3b09e7e1ca64fa53)
  Executable unittests src/lib.rs (target/debug/deps/sc_sync_state_rpc-6507105ca04501e9)
  Executable unittests src/lib.rs (target/debug/deps/sc_sysinfo-a45bad909d20ade1)
  Executable unittests src/lib.rs (target/debug/deps/sc_telemetry-328f13b067ae3c4a)
  Executable unittests src/lib.rs (target/debug/deps/sc_tracing-c41b286a9eb70471)
  Executable unittests src/lib.rs (target/debug/deps/sc_tracing_proc_macro-9700e539a13abebf)
  Executable unittests src/lib.rs (target/debug/deps/sc_transaction_pool-6b542df516fdf710)
  Executable tests/fatp.rs (target/debug/deps/fatp-8b12612489d3e4ba)
  Executable tests/fatp_finality_timeout.rs (target/debug/deps/fatp_finality_timeout-3c21ae12e50cfeae)
  Executable tests/fatp_invalid.rs (target/debug/deps/fatp_invalid-07e4ce077372befb)
  Executable tests/fatp_limits.rs (target/debug/deps/fatp_limits-7359e3ecd224f113)
  Executable tests/fatp_prios.rs (target/debug/deps/fatp_prios-0817fa0034b593c2)
  Executable tests/integration.rs (target/debug/deps/integration-c8856b8e182e2fd2)
  Executable tests/pool.rs (target/debug/deps/pool-b2d9669e7812d14c)
  Executable unittests src/lib.rs (target/debug/deps/sc_transaction_pool_api-f84edf7f5fe90426)
  Executable unittests src/lib.rs (target/debug/deps/sc_utils-edc91991e47b849d)
  Executable unittests src/lib.rs (target/debug/deps/slot_range_helper-00a5104a76cb74ca)
  Executable unittests src/lib.rs (target/debug/deps/snowbridge_beacon_primitives-16d844d966727518)
  Executable unittests src/lib.rs (target/debug/deps/snowbridge_core-44288b8dc244da8a)
  Executable tests/mod.rs (target/debug/deps/mod-e2f4656e909e1d5c)
  Executable unittests src/lib.rs (target/debug/deps/snowbridge_inbound_queue_primitives-a03a456437bde687)
  Executable unittests src/lib.rs (target/debug/deps/snowbridge_merkle_tree-c27e9c05005df65f)
  Executable unittests src/lib.rs (target/debug/deps/snowbridge_outbound_queue_primitives-150bd85306607c17)
  Executable unittests src/lib.rs (target/debug/deps/snowbridge_outbound_queue_runtime_api-82284b4f3aec3401)
  Executable unittests src/lib.rs (target/debug/deps/snowbridge_outbound_queue_v2_runtime_api-dc80a6df5e6a4a47)
  Executable unittests src/lib.rs (target/debug/deps/snowbridge_pallet_ethereum_client-9b72ab3656a87748)
  Executable unittests src/lib.rs (target/debug/deps/snowbridge_pallet_ethereum_client_fixtures-b5654c22b22cf25c)
  Executable unittests src/lib.rs (target/debug/deps/snowbridge_pallet_inbound_queue-88453de94507d952)
  Executable unittests src/lib.rs (target/debug/deps/snowbridge_pallet_inbound_queue_fixtures-5537b22f3fe35647)
  Executable unittests src/lib.rs (target/debug/deps/snowbridge_pallet_inbound_queue_v2-e291b6259815feed)
  Executable unittests src/lib.rs (target/debug/deps/snowbridge_pallet_inbound_queue_v2_fixtures-f50b270383def218)
  Executable unittests src/lib.rs (target/debug/deps/snowbridge_pallet_outbound_queue-fd964b66b5afa450)
  Executable unittests src/lib.rs (target/debug/deps/snowbridge_pallet_outbound_queue_v2-5b6db70bd46eabdd)
  Executable unittests src/lib.rs (target/debug/deps/snowbridge_pallet_system-f373a5d10f7bde24)
  Executable unittests src/lib.rs (target/debug/deps/snowbridge_pallet_system_frontend-585e1c59a0e5c02d)
  Executable unittests src/lib.rs (target/debug/deps/snowbridge_pallet_system_v2-8911281b5c151601)
  Executable unittests src/lib.rs (target/debug/deps/snowbridge_runtime_common-782a4bcb4b3f49f1)
  Executable unittests src/lib.rs (target/debug/deps/snowbridge_runtime_test_common-7406ccdb11fb175f)
  Executable unittests src/lib.rs (target/debug/deps/snowbridge_system_runtime_api-ee73d40edce459b0)
  Executable unittests src/lib.rs (target/debug/deps/snowbridge_system_v2_runtime_api-629d5ab229fac72a)
  Executable unittests src/lib.rs (target/debug/deps/snowbridge_test_utils-e8c730645a466df1)
  Executable unittests src/lib.rs (target/debug/deps/snowbridge_verification_primitives-22dbed2f8756feb7)
  Executable unittests src/main.rs (target/debug/deps/solochain_template_node-32e81a47dde3bd19)
  Executable unittests src/lib.rs (target/debug/deps/solochain_template_runtime-ae9e8aac2d4783a2)
  Executable unittests src/lib.rs (target/debug/deps/sp_api-0952df6eea97bb60)
  Executable unittests src/lib.rs (target/debug/deps/sp_api_proc_macro-e51bc2c28e4fa8e8)
  Executable tests/decl_and_impl.rs (target/debug/deps/decl_and_impl-84bdbeeee12da62e)
  Executable tests/runtime_calls.rs (target/debug/deps/runtime_calls-f1e50e6120f7160f)
  Executable tests/trybuild.rs (target/debug/deps/trybuild-718be2ac1b267131)
  Executable unittests src/lib.rs (target/debug/deps/sp_application_crypto-1c51fadb2c5e8c2d)
  Executable unittests src/lib.rs (target/debug/deps/sp_application_crypto_test-d85bfb4374a7d669)
  Executable unittests src/lib.rs (target/debug/deps/sp_arithmetic-4dc9a9faa3564bcd)
  Executable unittests src/biguint.rs (target/debug/deps/biguint-0b06d82c0c0b9102)
  Executable unittests src/fixed_point.rs (target/debug/deps/fixed_point-20bff3489a6076dd)
  Executable unittests src/multiply_by_rational_with_rounding.rs (target/debug/deps/multiply_by_rational_with_rounding-1599a0a9c9a27da5)
  Executable unittests src/normalize.rs (target/debug/deps/normalize-d76a9c2823cbefe7)
  Executable unittests src/per_thing_from_rational.rs (target/debug/deps/per_thing_from_rational-d4ec3c579a95c6f2)
  Executable unittests src/per_thing_mult_fraction.rs (target/debug/deps/per_thing_mult_fraction-2abeb42470908816)
  Executable unittests src/lib.rs (target/debug/deps/sp_authority_discovery-6a64a75df9c3ce26)
  Executable unittests src/lib.rs (target/debug/deps/sp_block_builder-eb24be1324f1830b)
  Executable unittests src/lib.rs (target/debug/deps/sp_blockchain-bc20c3446c47c618)
  Executable unittests src/lib.rs (target/debug/deps/sp_consensus-60e71374d14827b2)
  Executable unittests src/lib.rs (target/debug/deps/sp_consensus_aura-1d934656dfb1a117)
  Executable unittests src/lib.rs (target/debug/deps/sp_consensus_babe-d7f52b9b81b8eff6)
  Executable unittests src/lib.rs (target/debug/deps/sp_consensus_beefy-5ab064e9aa4cc622)
  Executable unittests src/lib.rs (target/debug/deps/sp_consensus_grandpa-f88cf1a473897fe2)
  Executable unittests src/lib.rs (target/debug/deps/sp_consensus_pow-085e4b25364d4002)
  Executable unittests src/lib.rs (target/debug/deps/sp_consensus_sassafras-26df61939e384645)
  Executable unittests src/lib.rs (target/debug/deps/sp_consensus_slots-cbc319f3859c9fe9)
  Executable unittests src/lib.rs (target/debug/deps/sp_core-132392231db342a8)
  Executable unittests src/lib.rs (target/debug/deps/sp_core_hashing-9542e7b14835cf25)
  Executable unittests src/lib.rs (target/debug/deps/sp_core_hashing_proc_macro-caaba2f36fe02604)
  Executable unittests src/lib.rs (target/debug/deps/sp_crypto_ec_utils-89b6dbd32e6f05af)
  Executable unittests src/lib.rs (target/debug/deps/sp_crypto_hashing-ead0fc82f565b275)
  Executable unittests src/lib.rs (target/debug/deps/sp_crypto_hashing_proc_macro-f40d8a110cf8a2a3)
  Executable unittests src/lib.rs (target/debug/deps/sp_database-6b26015d8b2c8b24)
  Executable unittests src/lib.rs (target/debug/deps/sp_debug_derive-96f4a8e112c91302)
  Executable tests/tests.rs (target/debug/deps/tests-72e02670014db4fb)
  Executable unittests src/lib.rs (target/debug/deps/sp_externalities-a8bc0c50c6bdabd7)
  Executable unittests src/lib.rs (target/debug/deps/sp_genesis_builder-11f18ed6708e0c7c)
  Executable unittests src/lib.rs (target/debug/deps/sp_inherents-5ef4a903243b0981)
  Executable unittests src/lib.rs (target/debug/deps/sp_io-041178b029b9e0a5)
  Executable unittests src/lib.rs (target/debug/deps/sp_keyring-cf7686c0160d1474)
  Executable unittests src/lib.rs (target/debug/deps/sp_keystore-7b4b25bf8bd7f31c)
  Executable unittests src/lib.rs (target/debug/deps/sp_maybe_compressed_blob-1beb5add9adc4a64)
  Executable unittests src/lib.rs (target/debug/deps/sp_metadata_ir-d497afd30b775ec0)
  Executable unittests src/lib.rs (target/debug/deps/sp_mixnet-4dee1795c87459c2)
  Executable unittests src/lib.rs (target/debug/deps/sp_mmr_primitives-12b73d3d6d804da0)
  Executable unittests src/lib.rs (target/debug/deps/sp_npos_elections-6400b925f93921dc)
  Executable unittests src/phragmen_balancing.rs (target/debug/deps/phragmen_balancing-51cf336689c67b4f)
  Executable unittests src/phragmen_pjr.rs (target/debug/deps/phragmen_pjr-1688152c9d2a51db)
  Executable unittests src/phragmms_balancing.rs (target/debug/deps/phragmms_balancing-9fa2b6743f4a468c)
  Executable unittests src/reduce.rs (target/debug/deps/reduce-3c04b155b826e793)
  Executable unittests src/lib.rs (target/debug/deps/sp_offchain-57cb45ea518ed5f0)
  Executable unittests src/lib.rs (target/debug/deps/sp_panic_handler-f83e128700f38fe9)
  Executable unittests src/lib.rs (target/debug/deps/sp_rpc-7d1917a10965b9aa)
  Executable unittests src/lib.rs (target/debug/deps/sp_runtime-315f51fcc5286af0)
  Executable unittests src/lib.rs (target/debug/deps/sp_runtime_interface-e495fd440846539d)
  Executable tests/ui.rs (target/debug/deps/ui-78bdecd73c7e7174)
  Executable unittests src/lib.rs (target/debug/deps/sp_runtime_interface_proc_macro-f38790c5ed192530)
  Executable unittests src/lib.rs (target/debug/deps/sp_runtime_interface_test-b5a9290ee85db518)
  Executable unittests src/lib.rs (target/debug/deps/sp_runtime_interface_test_wasm-cd6c6529924c4428)
  Executable unittests src/lib.rs (target/debug/deps/sp_runtime_interface_test_wasm_deprecated-bbbc04ca0f10488d)
  Executable unittests src/lib.rs (target/debug/deps/sp_session-2acfebd1bdcea2f9)
  Executable unittests src/lib.rs (target/debug/deps/sp_staking-e43c418834172a25)
  Executable unittests src/lib.rs (target/debug/deps/sp_state_machine-edf22e8ade81bb4f)
  Executable unittests src/lib.rs (target/debug/deps/sp_statement_store-efdd8b7db5aa04bb)
  Executable unittests src/lib.rs (target/debug/deps/sp_std-e7ed4a7d973792a5)
  Executable unittests src/lib.rs (target/debug/deps/sp_storage-cb75d0bed5b01ecc)
  Executable unittests src/lib.rs (target/debug/deps/sp_test_primitives-c1b9b92767c3d0b7)
  Executable unittests src/lib.rs (target/debug/deps/sp_timestamp-4a0ac62dfd1e767d)
  Executable unittests src/lib.rs (target/debug/deps/sp_tracing-34daa4e61469f659)
  Executable unittests src/lib.rs (target/debug/deps/sp_transaction_pool-349ba140ef35bbe8)
  Executable unittests src/lib.rs (target/debug/deps/sp_transaction_storage_proof-aae688e311c6b03e)
  Executable unittests src/lib.rs (target/debug/deps/sp_trie-9bb47c05bc183f27)
  Executable unittests src/lib.rs (target/debug/deps/sp_version-bce2aa5029115419)
  Executable unittests src/lib.rs (target/debug/deps/sp_version_proc_macro-657dc135292a7499)
  Executable unittests src/lib.rs (target/debug/deps/sp_wasm_interface-8ddd556c94e174aa)
  Executable unittests src/lib.rs (target/debug/deps/sp_weights-2a33a5c81d1f4b29)
  Executable unittests src/lib.rs (target/debug/deps/staging_chain_spec_builder-2e8db27ce22d7940)
  Executable unittests bin/main.rs (target/debug/deps/chain_spec_builder-5d84653a0ee29861)
  Executable tests/test.rs (target/debug/deps/test-b8e14f17c5ee724c)
  Executable unittests src/lib.rs (target/debug/deps/staging_node_cli-040fb4a0c93cd1d1)
  Executable unittests bin/main.rs (target/debug/deps/substrate_node-3bcbcc55d6134226)
  Executable tests/basic.rs (target/debug/deps/basic-177f74f18a3d9e02)
  Executable tests/benchmark_block_works.rs (target/debug/deps/benchmark_block_works-445452dccedce349)
  Executable tests/benchmark_extrinsic_works.rs (target/debug/deps/benchmark_extrinsic_works-ad0a3b15968d5a4e)
  Executable tests/benchmark_machine_works.rs (target/debug/deps/benchmark_machine_works-916c43089b0a8b2a)
  Executable tests/benchmark_overhead_works.rs (target/debug/deps/benchmark_overhead_works-68eda6b38372131b)
  Executable tests/benchmark_pallet_works.rs (target/debug/deps/benchmark_pallet_works-5404907eda064bc4)
  Executable tests/benchmark_storage_works.rs (target/debug/deps/benchmark_storage_works-953cac1472e091db)
  Executable tests/build_spec_works.rs (target/debug/deps/build_spec_works-b7b8cdc35f433f81)
  Executable tests/check_block_works.rs (target/debug/deps/check_block_works-83de05e21c70b79f)
  Executable tests/common.rs (target/debug/deps/common-b4df7c27ec05036c)
  Executable tests/export_import_flow.rs (target/debug/deps/export_import_flow-f4b4394c91a203ac)
  Executable tests/fees.rs (target/debug/deps/fees-9df8550e79e5e6a3)
  Executable tests/inspect_works.rs (target/debug/deps/inspect_works-a494d6b1e55c1b94)
  Executable tests/purge_chain_works.rs (target/debug/deps/purge_chain_works-7a3f6211f6ea3f54)
  Executable tests/remember_state_pruning_works.rs (target/debug/deps/remember_state_pruning_works-45371bb6958cde26)
  Executable tests/running_the_node_and_interrupt.rs (target/debug/deps/running_the_node_and_interrupt-ba17e6be821fc559)
  Executable tests/submit_transaction.rs (target/debug/deps/submit_transaction-66754706ccc4ef8f)
  Executable tests/telemetry.rs (target/debug/deps/telemetry-fb708e05b7c7b3ca)
  Executable tests/temp_base_path_works.rs (target/debug/deps/temp_base_path_works-3e6e6676b9ab06e7)
  Executable tests/version.rs (target/debug/deps/version-60df14d32b3f8847)
  Executable tests/websocket_server.rs (target/debug/deps/websocket_server-c70fe5db8eda6bc9)
  Executable unittests src/lib.rs (target/debug/deps/staging_node_inspect-086cd52192a1bfb9)
  Executable unittests src/lib.rs (target/debug/deps/staging_parachain_info-9966cf5776cbd15c)
  Executable unittests src/lib.rs (target/debug/deps/staging_tracking_allocator-98c32e10b5068e96)
  Executable unittests src/lib.rs (target/debug/deps/staging_xcm-b9f747a3e7a1cc00)
  Executable unittests src/lib.rs (target/debug/deps/staging_xcm_builder-0e5a2aa5615e3b52)
  Executable tests/scenarios.rs (target/debug/deps/scenarios-58e65cc203a2a9f5)
  Executable unittests src/lib.rs (target/debug/deps/staging_xcm_executor-a0d07913bc88c815)
  Executable unittests src/main.rs (target/debug/deps/statement_latency_bench-82e9dc5e82e1a713)
  Executable unittests src/lib.rs (target/debug/deps/subkey-e953ef55e6c46734)
  Executable unittests src/main.rs (target/debug/deps/subkey-b079f01afc5d2a9c)
  Executable unittests src/lib.rs (target/debug/deps/substrate_bip39-b0a153eb929f08f8)
  Executable unittests src/lib.rs (target/debug/deps/substrate_build_script_utils-b1c5ed5c3fa696bd)
  Executable unittests src/lib.rs (target/debug/deps/substrate_cli_test_utils-52fe12f22b89bb32)
  Executable unittests src/lib.rs (target/debug/deps/substrate_frame_rpc_support-52b6d4e389026f1b)
  Executable unittests src/lib.rs (target/debug/deps/substrate_frame_rpc_system-a9b9f8d2c73ed9a5)
  Executable unittests src/lib.rs (target/debug/deps/substrate_prometheus_endpoint-48d65d736b42bc98)
  Executable unittests src/lib.rs (target/debug/deps/substrate_relay_helper-873bf037001c39e4)
  Executable unittests src/lib.rs (target/debug/deps/substrate_rpc_client-f8a4014975bbbd26)
  Executable unittests src/lib.rs (target/debug/deps/substrate_state_trie_migration_rpc-1c8dab108518f720)
  Executable unittests src/lib.rs (target/debug/deps/substrate_test_client-e66ffb49eb29a52d)
  Executable unittests src/lib.rs (target/debug/deps/substrate_test_runtime-ee656a726b1de8f5)
  Executable unittests src/lib.rs (target/debug/deps/substrate_test_runtime_client-5d1918c6c91b62ea)
  Executable unittests src/lib.rs (target/debug/deps/substrate_test_runtime_transaction_pool-4cf49249b8758c28)
  Executable unittests src/lib.rs (target/debug/deps/substrate_test_utils-34f6fc3ad45f8f66)
  Executable unittests src/lib.rs (target/debug/deps/substrate_wasm_builder-6c3313e6b116c70e)
  Executable unittests src/lib.rs (target/debug/deps/substrate_zombienet_sdk_tests-3e470b61c14f931f)
  Executable tests/tests.rs (target/debug/deps/tests-6d504adf6cf47e3e)
  Executable tests/utils.rs (target/debug/deps/utils-ff49efb5d03b75fe)
  Executable tests/smoke.rs (target/debug/deps/smoke-7fdb95fb5fcf6f16)
  Executable unittests src/lib.rs (target/debug/deps/test_parachain_adder-937e84a84facd973)
  Executable unittests src/lib.rs (target/debug/deps/test_parachain_adder_collator-41ac241a395bcd85)
  Executable unittests src/main.rs (target/debug/deps/adder_collator-0ad02dcebcf7abb1)
  Executable tests/integration.rs (target/debug/deps/integration-aeeeb3ed9fe04078)
  Executable unittests src/lib.rs (target/debug/deps/test_parachain_halt-1104dcebfb2ba88e)
  Executable unittests src/lib.rs (target/debug/deps/test_parachain_undying-0341c6a4498814e2)
  Executable unittests src/lib.rs (target/debug/deps/test_parachain_undying_collator-619b1c380ac1cd34)
  Executable unittests src/main.rs (target/debug/deps/undying_collator-78ea5246108ae71f)
  Executable tests/integration.rs (target/debug/deps/integration-d820f78822a57610)
  Executable unittests src/lib.rs (target/debug/deps/test_runtime_constants-c05255c4ceb9600c)
  Executable unittests src/lib.rs (target/debug/deps/testnet_parachains_constants-f2e4350ec42a17e7)
  Executable unittests src/lib.rs (target/debug/deps/tracing_gum-0cbc300a6937845e)
  Executable unittests src/lib.rs (target/debug/deps/tracing_gum_proc_macro-e3a10657024940b2)
  Executable unittests src/lib.rs (target/debug/deps/westend_emulated_chain-4ec6e0563477bf2a)
  Executable unittests src/lib.rs (target/debug/deps/westend_runtime-23b6e9d475d49eaa)
  Executable unittests src/lib.rs (target/debug/deps/westend_runtime_constants-34c58ea8e9e9583b)
  Executable unittests src/lib.rs (target/debug/deps/westend_system_emulated_network-479087aec37147bf)
  Executable unittests src/lib.rs (target/debug/deps/xcm_docs-91e4442a26bb0ebb)
  Executable unittests src/lib.rs (target/debug/deps/xcm_emulator-9041ff8b336acccc)
  Executable unittests src/lib.rs (target/debug/deps/xcm_executor_integration_tests-4cd682ae7ac4844a)
  Executable unittests src/lib.rs (target/debug/deps/xcm_procedural-1bd808ba79c819c0)
  Executable tests/builder_pattern.rs (target/debug/deps/builder_pattern-ebd2073e04dd54f6)
  Executable tests/conversion_functions.rs (target/debug/deps/conversion_functions-5dfabe4cd65f73d5)
  Executable tests/enum_variants.rs (target/debug/deps/enum_variants-034c61bc46ca6544)
  Executable tests/ui.rs (target/debug/deps/ui-111792b7d8814844)
  Executable unittests src/lib.rs (target/debug/deps/xcm_runtime_apis-da8bebb28aa64405)
  Executable tests/conversions.rs (target/debug/deps/conversions-d2539210de9d0fc1)
  Executable tests/fee_estimation.rs (target/debug/deps/fee_estimation-0cce0b93d6666c6c)
  Executable tests/mock.rs (target/debug/deps/mock-01e0478f321c15d5)
  Executable tests/trusted_query.rs (target/debug/deps/trusted_query-9d599e287f3b78ed)
  Executable unittests src/lib.rs (target/debug/deps/xcm_simulator-0b1c3a8979949194)
  Executable unittests src/lib.rs (target/debug/deps/xcm_simulator_example-6c1069bb32282ed0)
  Executable unittests src/fuzz.rs (target/debug/deps/xcm_fuzzer-42b3808e43c63d0e)
  Executable unittests src/lib.rs (target/debug/deps/yet_another_parachain_runtime-08ef3d6ddc5a995f)
  Executable unittests src/lib.rs (target/debug/deps/zombienet_backchannel-93363e2f5bc2203b)
---
exit: 0
elapsed: 16861 seconds
